WKT,nom,description
POLYGON ((-71.951893 46.079988, -71.952258 46.079676, -71.95471 46.077443, -71.959012 46.073156, -71.962671 46.069792, -71.965384 46.067186, -71.957218 46.062214, -71.946716 46.056258, -71.935945 46.060561, -71.938948 46.065489, -71.943283 46.066933, -71.947102 46.067201, -71.94766 46.067454, -71.946513 46.068973, -71.944635 46.071221, -71.941824 46.074972, -71.951893 46.079988)),V1,PARC INDUSTRIEL 1 ET 2
Livraison tous les jours
Lundi à jeudi : 819-350-8782 ou 819-350-9055
Vendredi : 819-350-6510
POLYGON ((-71.929979 46.090436, -71.983838 46.089454, -71.984224 46.082995, -71.987014 46.082697, -71.987614 46.081894, -71.989846 46.079661, -71.991777 46.078232, -71.992121 46.077279, -71.993451 46.076356, -71.99461 46.075612, -71.9977 46.073796, -72.011132 46.063524, -72.017377 46.062228, -72.017054 46.061827, -72.017054 46.060338, -72.015338 46.06004, -72.012935 46.058938, -72.010832 46.059057, -72.009587 46.058432, -72.009501 46.057717, -72.010016 46.056466, -72.009416 46.054799, -72.006969 46.052982, -71.990876 46.060874, -71.986327 46.062839, -71.979375 46.063494, -71.9768 46.064105, -71.974482 46.062512, -71.972165 46.060814, -71.968346 46.063732, -71.964569 46.063077, -71.962337 46.065311, -71.965384 46.067186, -71.951893 46.079988, -71.941824 46.075047, -71.94766 46.067454, -71.947102 46.067201, -71.943283 46.067008, -71.940322 46.065936, -71.938948 46.065489, -71.937318 46.062839, -71.932898 46.063911, -71.933713 46.065608, -71.93028 46.066293, -71.932468 46.071295, -71.932329 46.075084, -71.932104 46.078753, -71.932082 46.085852, -71.929979 46.090436)),V2,RESERVOIR BEAUDET/RTE 162/LACTANTIA
Livraison tous les jours
Lundi à jeudi : 819-350-8782 ou 819-350-9055
Vendredi : 819-350-6510
POLYGON ((-71.950943 46.058432, -71.959398 46.055752, -71.962724 46.057807, -71.969376 46.058789, -71.9768 46.064105, -71.979375 46.063494, -71.981189 46.063241, -71.98349 46.06304, -71.986327 46.062839, -71.990876 46.060874, -72.006969 46.052982, -72.009416 46.054799, -72.010188 46.056586, -72.009501 46.057717, -72.009555 46.058149, -72.009759 46.058551, -72.01094 46.058968, -72.013021 46.058908, -72.015424 46.06001, -72.017054 46.060338, -72.01714 46.061797, -72.017505 46.062155, -72.022591 46.061082, -72.023363 46.052922, -72.01375 46.049884, -72.023363 46.04494, -72.036152 46.041276, -72.025981 46.036241, -72.014265 46.03061, -72.013407 46.031496, -72.012119 46.032085, -72.012548 46.034394, -72.010617 46.035705, -72.00757 46.035914, -72.006497 46.036688, -72.005768 46.038208, -72.004931 46.040397, -72.004008 46.042497, -72.002292 46.043331, -71.999374 46.042706, -71.997635 46.042751, -71.995468 46.043659, -71.992507 46.044761, -71.988925 46.044806, -71.988044 46.045536, -71.9871 46.04771, -71.984267 46.050778, -71.982594 46.051254, -71.980748 46.050986, -71.979804 46.05057, -71.978903 46.049587, -71.97693 46.049095, -71.976628 46.049825, -71.976156 46.051791, -71.975169 46.052416, -71.972852 46.052714, -71.971865 46.052744, -71.971372 46.052818, -71.970878 46.054054, -71.968882 46.054866, -71.965363 46.057613, -71.963969 46.057338, -71.962724 46.057033, -71.960084 46.055216, -71.959076 46.055126, -71.958325 46.055275, -71.9503 46.058045, -71.950943 46.058432)),V3,BOUL.JUTRA O./N-D O./BOUL,INDUSTIEL O
Livraison tous les jours
Lundi à jeudi : 819-350-8782 ou 819350-9055
Vendredi : 819-350-6510
POLYGON ((-71.945364 46.056794, -71.946609 46.056348, -71.956372 46.061671, -71.962337 46.065311, -71.964569 46.063077, -71.966371 46.063405, -71.968346 46.063732, -71.972165 46.060814, -71.969225 46.0587, -71.962724 46.057807, -71.959398 46.055752, -71.950943 46.058432, -71.9503 46.058045, -71.958325 46.055275, -71.959076 46.055126, -71.960084 46.055216, -71.962724 46.057033, -71.965363 46.057613, -71.968732 46.054977, -71.966221 46.055037, -71.964676 46.054025, -71.962766 46.051597, -71.962466 46.050734, -71.962166 46.050346, -71.9615 46.050197, -71.960256 46.051314, -71.959591 46.051553, -71.957144 46.051582, -71.945879 46.054412, -71.944249 46.055931, -71.945364 46.056794)),V4,CENTRE-VILLE/CLSC/N-D -->BOUL.LABBÉ
 Livraison tous les jours
Lundi à jeudi : 819-350-9055
Vendredi : 819-350-6510
POLYGON ((-71.916077 46.026245, -71.911483 46.027333, -71.891013 46.042974, -71.913156 46.054948, -71.928263 46.06275, -71.929336 46.062601, -71.93028 46.066293, -71.933799 46.065579, -71.932983 46.063881, -71.937404 46.062809, -71.935945 46.060636, -71.945515 46.056883, -71.944399 46.05602, -71.94603 46.054501, -71.957295 46.051672, -71.954505 46.051076, -71.951995 46.049974, -71.950235 46.048395, -71.949205 46.046668, -71.949012 46.045089, -71.950452 46.042453, -71.946074 46.038074, -71.943146 46.038081, -71.940217 46.038594, -71.938671 46.039786, -71.935794 46.038282, -71.933112 46.038565, -71.931932 46.039161, -71.93088 46.038878, -71.930559 46.038118, -71.930001 46.03782, -71.928348 46.038133, -71.926761 46.037835, -71.925173 46.037522, -71.923757 46.036375, -71.923263 46.034618, -71.922169 46.033784, -71.918628 46.031981, -71.917555 46.030268, -71.918006 46.028346, -71.918287 46.027258, -71.917641 46.027065, -71.916077 46.026245)),V5,SECTEUR ARTHABASKA/BOUL.JUTRAS E
Livraison tous les jours
Lundi à jeudi : 819-350-9055
Vendredi : 819-350-6510
POLYGON ((-71.913156 46.054948, -71.902771 46.049289, -71.856098 46.076565, -71.826725 46.094305, -71.79432 46.085112, -71.777778 46.080393, -71.763298 46.078053, -71.7493 46.089274, -71.800804 46.1168, -71.839428 46.140474, -71.850071 46.137381, -71.847496 46.12489, -71.848869 46.118941, -71.843719 46.110254, -71.913156 46.054948)),V5A,NORBERTVILLE
Livraison tous les jours
Lundi à jeudi : 819-350-9055
Vendredi : 819-350-6510
POLYGON ((-71.916077 46.026245, -71.918287 46.027258, -71.917751 46.030104, -71.918628 46.031981, -71.923158 46.034096, -71.923757 46.036375, -71.925173 46.037522, -71.926312 46.037612, -71.928136 46.037865, -71.930528 46.03779, -71.931504 46.038773, -71.935882 46.038059, -71.938671 46.039786, -71.940217 46.038594, -71.943146 46.038081, -71.946074 46.038074, -71.948392 46.040338, -71.950452 46.042453, -71.94955 46.044597, -71.949679 46.046668, -71.951594 46.049017, -71.952648 46.049916, -71.954733 46.050666, -71.95742 46.051221, -71.960108 46.051121, -71.961245 46.049951, -71.96279 46.050528, -71.963541 46.05182, -71.96618 46.054724, -71.968798 46.054501, -71.970504 46.053868, -71.971244 46.052594, -71.975429 46.052028, -71.976094 46.051411, -71.976233 46.04994, -71.97693 46.049095, -71.978829 46.04949, -71.983904 46.050466, -71.986532 46.047926, -71.98753 46.045416, -71.988518 46.042914, -72.002251 46.032189, -71.938306 46.008468, -71.928995 46.005011, -71.91534 46.013674, -71.916077 46.026245)),V6,AVE PIE X/RG CHICAGO/ACADEMIE/POULIOT
Livraison tous les jours
Lundi à jeudi : 819-350-9055
Vendredi : 819-350-6510
POLYGON ((-71.927319 46.096447, -71.930087 46.090079, -71.932082 46.085852, -71.932125 46.077875, -71.932468 46.071295, -71.93028 46.066293, -71.929336 46.062601, -71.928263 46.06275, -71.913156 46.054948, -71.886464 46.075968, -71.900626 46.084184, -71.917706 46.092281, -71.927319 46.096447)),V7,RANG NAULT
Livraison tous les jours
819-350-8782
POLYGON ((-71.886464 46.075968, -71.843719 46.110254, -71.848869 46.118941, -71.847496 46.12489, -71.850071 46.137381, -71.839428 46.140474, -71.862259 46.16402, -71.858928 46.183664, -71.879635 46.183575, -71.888218 46.183575, -71.893189 46.183517, -71.901116 46.180871, -71.906097 46.178553, -71.912212 46.154805, -71.927319 46.096447, -71.917706 46.092281, -71.905304 46.08597, -71.900626 46.084184, -71.886464 46.075968)),V8,PRINCEVILLE
Livraison tous les jours
819-350-8782
POLYGON ((-71.751881 46.220821, -71.761666 46.227472, -71.771106 46.234715, -71.780892 46.242433, -71.798401 46.236021, -71.863933 46.212863, -71.903071 46.190289, -71.906097 46.178553, -71.901116 46.180871, -71.893189 46.183517, -71.879635 46.183575, -71.858928 46.183664, -71.862602 46.164258, -71.8468 46.1771, -71.832218 46.181613, -71.777115 46.198251, -71.764414 46.209655, -71.751881 46.220821)),V9,PLESSISVILLE
Livraison tous les jours
819-350-8782
POLYGON ((-71.809044 46.345742, -71.876936 46.397975, -71.966712 46.333408, -71.974353 46.306269, -71.863933 46.212863, -71.780892 46.242433, -71.751881 46.220821, -71.736951 46.234117, -71.721497 46.246825, -71.78816 46.294162, -71.803722 46.324231, -71.809044 46.345742)),V9A,N-D DE LOURDES
Livraison le vendredi
819-350-8782
POLYGON ((-71.803722 46.324231, -71.78816 46.294162, -71.721497 46.246825, -71.653192 46.292024, -71.611999 46.313842, -71.606827 46.350245, -71.592579 46.374471, -71.616827 46.395772, -71.637382 46.382228, -71.643906 46.365173, -71.725616 46.334603, -71.803722 46.324231)),V10,LAURIERVILLE/LYSTER
Livraison le mardi et vendredi
819-350-8782
POLYGON ((-71.862259 46.16402, -71.839428 46.140474, -71.822004 46.129738, -71.809981 46.122643, -71.801656 46.117467, -71.76304 46.096343, -71.736951 46.082892, -71.72048 46.069084, -71.687525 46.081472, -71.668989 46.08481, -71.658006 46.085288, -71.636042 46.08815, -71.577678 46.09148, -71.554332 46.093381, -71.547466 46.094324, -71.539224 46.09432, -71.495285 46.269248, -71.611999 46.313842, -71.653192 46.292024, -71.721497 46.246825, -71.736951 46.234117, -71.776772 46.198013, -71.8468 46.1771, -71.862259 46.16402)),V11,ST-FERDINAND/BERNIERVILLE
Livraison mardi-vendredi
819-350-8782
POLYGON ((-72.143398 46.228778, -72.187858 46.258884, -72.230258 46.288952, -72.271285 46.317888, -72.320724 46.33887, -72.360034 46.377965, -72.367333 46.395196, -72.379649 46.407181, -72.393446 46.390324, -72.423692 46.378106, -72.44123 46.378556, -72.450845 46.377017, -72.462089 46.365054, -72.47273 46.362271, -72.501143 46.342691, -72.518048 46.336617, -72.593752 46.279343, -72.520194 46.237328, -72.419429 46.202646, -72.394023 46.158907, -72.396769 46.147016, -72.401575 46.138808, -72.393508 46.125248, -72.383208 46.103352, -72.363801 46.076539, -72.334078 46.045512, -72.306476 46.058462, -72.281398 46.041541, -72.257362 46.045709, -72.233699 45.992491, -72.181248 45.995152, -72.142711 45.983842, -72.103272 46.00507, -72.074776 46.03058, -72.036152 46.041276, -72.023363 46.04494, -72.01375 46.049884, -72.023363 46.052922, -72.022591 46.061082, -72.011132 46.063524, -72.037054 46.083374, -72.135931 46.102421, -72.186742 46.096469, -72.224165 46.109562, -72.272916 46.163804, -72.143398 46.228778)),V13A,ST-VALÈRE/ST-WENCESLAS/BECANCOUR
***TROIS-RIVIÈRES PEUT ÊTRE FAIT AU BESOIN POUR GROSSE COMMANDE***
Livraison lundi et jeudi
819-350-8782
POLYGON ((-71.826725 46.094305, -71.855583 46.076684, -71.902771 46.049289, -71.891013 46.042974, -71.911483 46.027333, -71.916077 46.026245, -71.915819 46.022356, -71.91534 46.013674, -71.928995 46.005011, -71.880954 45.989219, -71.86619 45.981228, -71.861727 45.975741, -71.847651 45.966674, -71.835824 45.952222, -71.806984 45.94721, -71.787758 45.927513, -71.740357 45.905423, -71.683043 45.882478, -71.65283 45.891559, -71.646994 45.899922, -71.620215 45.88917, -71.602533 45.888214, -71.552236 45.861801, -71.537472 45.856364, -71.524427 45.862611, -71.496102 45.857258, -71.53198 45.944345, -71.635321 45.996603, -71.657637 46.021879, -71.679267 46.049288, -71.72048 46.069084, -71.736951 46.082892, -71.740311 46.084538, -71.7493 46.089274, -71.763298 46.078053, -71.777778 46.080393, -71.78956 46.08365, -71.826725 46.094305)),V14,CHESTERVILLE/HAM-NORD
Livraison le mardi et jeudi
819-350-9055
POLYGON ((-72.166444 45.951865, -72.251235 45.906374, -72.192862 45.881415, -72.04834 45.980025, -72.037852 45.991367, -72.032702 45.995302, -72.028754 45.997569, -72.028771 46.004951, -72.002251 46.032189, -71.988518 46.042914, -71.98753 46.045416, -71.988925 46.044806, -71.992958 46.044434, -71.997571 46.042617, -71.999417 46.042497, -72.002014 46.043168, -72.003419 46.042475, -72.004481 46.041306, -72.005918 46.036986, -72.007142 46.035794, -72.009995 46.035601, -72.012098 46.03429, -72.012119 46.032085, -72.012978 46.031534, -72.014265 46.03061, -72.036152 46.041276, -72.074776 46.03058, -72.103272 46.00507, -72.142711 45.983842, -72.181248 45.995152, -72.234087 45.992968, -72.166444 45.951865)),V15,ST-ALBERT/5è RANG/N-D OUEST
Livraison mardi-jeudi
819-350-9055
POLYGON ((-72.155749 45.906142, -72.125913 45.89229, -72.102912 45.89217, -72.089864 45.889183, -72.06154 45.86827, -72.055962 45.873468, -72.0401 45.887618, -72.030127 45.901727, -72.027552 45.906506, -72.001459 45.916777, -71.99322 45.912, -71.991348 45.901477, -71.99116 45.89002, -71.959918 45.89217, -71.909976 45.925614, -71.893484 45.936121, -71.879152 45.945492, -71.847651 45.966674, -71.861727 45.975741, -71.866104 45.981588, -71.871855 45.984331, -71.880954 45.989219, -71.928675 46.004844, -72.002251 46.032189, -72.028771 46.004951, -72.028411 45.997331, -72.037509 45.991129, -72.04834 45.980025, -72.155749 45.906142)),V16,WARWICK
Livraison tous les jours
Lundi à jeudi : 819-350-9055
Vendredi : 819-350-6510
POLYGON ((-72.125913 45.89229, -72.155749 45.906142, -72.173395 45.894548, -72.192862 45.881415, -72.174778 45.86461, -72.153225 45.848891, -72.131507 45.831132, -72.100868 45.823177, -72.087135 45.827483, -72.066275 45.81917, -72.035422 45.803225, -72.032975 45.798468, -72.026367 45.793502, -72.022162 45.792515, -72.023878 45.780335, -71.99961 45.775418, -71.995382 45.784584, -71.998901 45.819708, -72.000275 45.848771, -72.00079 45.85726, -71.99461 45.864313, -72.06154 45.86827, -72.089864 45.889183, -72.102912 45.89217, -72.125913 45.89229)),V17,KINGSEY-FALLS
Livraison mardi-jeudi
819-350-9055
POLYGON ((-72.229958 45.764888, -72.174168 45.771235, -72.146702 45.774228, -72.135887 45.769559, -72.103443 45.776982, -72.08662 45.772552, -72.068253 45.781771, -72.023878 45.780335, -72.023106 45.786978, -72.022162 45.792515, -72.026367 45.793502, -72.032975 45.798468, -72.035422 45.803225, -72.066275 45.81917, -72.087135 45.827483, -72.100868 45.823177, -72.131507 45.831132, -72.153225 45.848891, -72.174778 45.86461, -72.246982 45.846035, -72.269809 45.831088, -72.284738 45.83252, -72.29316 45.829238, -72.296563 45.826167, -72.287248 45.811541, -72.282914 45.800743, -72.272905 45.797357, -72.268568 45.787273, -72.242692 45.780182, -72.229958 45.764888)),V17B,ST-FÉLIX-DE-KINGSEY
Livraison lundi et mercredi
819-350-9055
POLYGON ((-72.001459 45.916777, -72.027552 45.906506, -72.0401 45.887618, -72.06154 45.86827, -71.99461 45.864313, -72.00079 45.85726, -71.998901 45.819708, -71.995382 45.784584, -71.99961 45.775418, -71.983795 45.772073, -71.970749 45.770876, -71.957874 45.768961, -71.932898 45.760158, -71.926418 45.763301, -71.92483 45.765727, -71.828184 45.722301, -71.821664 45.719304, -71.802996 45.73581, -71.793403 45.7449, -71.796942 45.7486, -71.765442 45.7862, -71.743469 45.795297, -71.717726 45.813604, -71.696434 45.835019, -71.693344 45.846738, -71.663475 45.869453, -71.651288 45.883794, -71.65283 45.891559, -71.683043 45.882478, -71.739349 45.904762, -71.787758 45.927513, -71.806984 45.94721, -71.835824 45.952222, -71.847651 45.966674, -71.959918 45.89217, -71.99116 45.89002, -71.991348 45.901477, -71.99322 45.912, -72.001459 45.916777)),V18,TINGWICK/DANVILLE/ASBESTOS
Livraison lundi-mercredi
819-350-9055
POLYGON ((-72.021732 45.758062, -72.010488 45.765636, -71.99961 45.775418, -72.022247 45.780155, -72.06808 45.781951, -72.086448 45.772732, -72.103271 45.777162, -72.135715 45.769738, -72.14653 45.774408, -72.229958 45.764888, -72.225151 45.758841, -72.22146 45.752253, -72.223606 45.744827, -72.227555 45.741293, -72.235279 45.740814, -72.234764 45.73638, -72.220001 45.734703, -72.214336 45.728412, -72.213136 45.724218, -72.226009 45.714031, -72.213135 45.69479, -72.190304 45.676142, -72.176914 45.666905, -72.169704 45.662467, -72.162838 45.649028, -72.156486 45.644948, -72.149448 45.642308, -72.134685 45.646868, -72.102005 45.701253, -72.07941 45.732007, -72.065045 45.73665, -72.036251 45.756384, -72.021732 45.758062)),V18B,RICHMOND
Livraison lundi-mercredi
819-350-9055
POLYGON ((-73.092556 45.581848, -73.090839 45.595062, -73.100624 45.607552, -73.126716 45.622682, -73.170318 45.631325, -73.184309 45.630485, -73.183708 45.617399, -73.185167 45.611906, -73.186369 45.606683, -73.188644 45.591068, -73.191862 45.578484, -73.199372 45.564605, -73.204737 45.553126, -73.199844 45.552255, -73.185854 45.544771, -73.18963 45.539181, -73.193321 45.535934, -73.180103 45.524871, -73.164139 45.522466, -73.13736 45.517173, -73.125687 45.527276, -73.111954 45.539541, -73.105774 45.551804, -73.094616 45.563944, -73.092556 45.581848)),B1,MONT-SAINT-HILAIRE
Livraison tous les jours
514-830-0184
POLYGON ((-73.204994 45.553307, -73.20714 45.5497, -73.208771 45.546755, -73.211088 45.545252, -73.216066 45.544351, -73.22156 45.542006, -73.226516 45.539437, -73.229992 45.535318, -73.231774 45.532207, -73.234434 45.525292, -73.237932 45.520602, -73.240035 45.517098, -73.244004 45.510196, -73.249948 45.506062, -73.25263 45.50376, -73.255699 45.497699, -73.262415 45.490645, -73.265505 45.486553, -73.26705 45.481498, -73.267329 45.479798, -73.271835 45.475194, -73.27014 45.472471, -73.268595 45.470906, -73.26705 45.466933, -73.26499 45.464811, -73.262415 45.462599, -73.263445 45.460672, -73.263102 45.458264, -73.26838 45.455675, -73.267737 45.451445, -73.264304 45.449112, -73.25881 45.444536, -73.250891 45.434839, -73.248391 45.431075, -73.245549 45.423456, -73.242888 45.422311, -73.235204 45.42339, -73.214607 45.424902, -73.205552 45.420865, -73.166412 45.409962, -73.157913 45.411961, -73.097652 45.42422, -73.103585 45.437972, -73.085947 45.444175, -73.064613 45.449769, -73.05215 45.451735, -73.027439 45.446346, -73.022298 45.465186, -73.016123 45.483785, -73.058828 45.515744, -73.088393 45.542187, -73.106289 45.551924, -73.111954 45.539541, -73.13736 45.517173, -73.180361 45.525051, -73.195381 45.536295, -73.189888 45.539361, -73.186112 45.544952, -73.200102 45.552435, -73.204994 45.553307)),B3,OTTERBURN/SAINT-MATHIAS-SUR-RICHELIEU SAINT-JEAN-BAPTISTE
Livraison mardi et jeudi
514-830-0184
POLYGON ((-73.142594 45.285336, -73.161643 45.303849, -73.179241 45.320881, -73.192838 45.330734, -73.192002 45.334969, -73.19353 45.343048, -73.185141 45.349436, -73.172972 45.354376, -73.143384 45.362894, -73.143704 45.371156, -73.157995 45.411781, -73.166494 45.409782, -73.205118 45.420565, -73.214688 45.424722, -73.235285 45.42321, -73.242969 45.422131, -73.24563 45.423276, -73.248473 45.430895, -73.250972 45.434659, -73.267388 45.45104, -73.283348 45.450551, -73.287811 45.455126, -73.269273 45.480586, -73.25297 45.505866, -73.26962 45.505686, -73.307042 45.508333, -73.322491 45.513626, -73.361459 45.505325, -73.3709 45.500873, -73.382229 45.478731, -73.393044 45.467175, -73.414833 45.452236, -73.436818 45.436828, -73.465657 45.455134, -73.496556 45.45682, -73.496041 45.439597, -73.493037 45.43213, -73.504109 45.413093, -73.526586 45.402244, -73.556592 45.408116, -73.575202 45.411772, -73.59982 45.409157, -73.637376 45.405656, -73.658389 45.415594, -73.686101 45.417092, -73.76138 45.401057, -73.79403 45.359078, -73.767094 45.347019, -73.717639 45.341843, -73.6768 45.34159, -73.642811 45.352689, -73.624271 45.36861, -73.554233 45.353895, -73.517498 45.355825, -73.258974 45.257794, -73.230823 45.258036, -73.163376 45.261544, -73.146115 45.272232, -73.142594 45.285336)),B5,CHÂTEAUGUAY/DELSON/LA PRAIRIE
CHAMBLY/SAINT-JEAN-SUR-RICHELIEU
Livraison tous les jeudis
514-830-0574
POLYGON ((-73.279495 45.570794, -73.257523 45.564785, -73.235507 45.560548, -73.234434 45.566783, -73.230851 45.570433, -73.225594 45.585933, -73.221474 45.595062, -73.215637 45.601848, -73.188686 45.596804, -73.188257 45.609234, -73.186455 45.621482, -73.185682 45.626674, -73.186969 45.631866, -73.197141 45.640718, -73.220787 45.635646, -73.233147 45.636607, -73.246536 45.633246, -73.272286 45.635406, -73.290482 45.624603, -73.2959759 45.5717541, -73.279495 45.570794)),B6,SAINT-MATHIEU-DE-BELOEIL
Livraison tous les jours
514-830-0184 ou 514-830-0574
POLYGON ((-73.218126 45.553006, -73.211861 45.548859, -73.206753 45.5558, -73.202441 45.563658, -73.19771 45.57008, -73.194652 45.577192, -73.191948 45.586594, -73.188686 45.596804, -73.215637 45.601848, -73.221474 45.595062, -73.226422 45.583862, -73.230851 45.570433, -73.234434 45.566783, -73.235507 45.560548, -73.231516 45.557709, -73.227911 45.559617, -73.218126 45.553006)),B7,BELOEIL
Livraison tous les jours
514-830-0184
POLYGON ((-73.235507 45.560548, -73.246708 45.551744, -73.250828 45.544531, -73.229327 45.540353, -73.21265 45.547424, -73.211698 45.547961, -73.211861 45.548859, -73.227911 45.559617, -73.231516 45.557709, -73.235507 45.560548)),B10,McMASTERVILLE
Livraison tous les jours
514-830-0574
POLYGON ((-73.235507 45.560548, -73.256836 45.564545, -73.278809 45.570553, -73.312111 45.572716, -73.328247 45.579205, -73.338547 45.57536, -73.371849 45.554929, -73.392791 45.522947, -73.413047 45.509956, -73.42987 45.507069, -73.441543 45.495278, -73.392963 45.467355, -73.382148 45.478911, -73.375625 45.491909, -73.370819 45.501053, -73.361378 45.505505, -73.336487 45.510918, -73.32241 45.513806, -73.306961 45.508513, -73.290138 45.507069, -73.269539 45.505866, -73.252888 45.506046, -73.245506 45.512843, -73.23864 45.525352, -73.229327 45.540353, -73.250828 45.544531, -73.246708 45.551744, -73.235507 45.560548)),B11,SAINT-BASILE-LE-GRAND
SAINT-BRUNO/SAINT-HUBERT
Livraison lundi-mardi-mercredi-jeudi
 514-830-0574
POLYGON ((-73.42987 45.507069, -73.413047 45.509956, -73.392791 45.522947, -73.371849 45.554929, -73.370132 45.591459, -73.375282 45.601068, -73.37803 45.62028, -73.413091 45.649328, -73.44648 45.654096, -73.445921 45.645008, -73.452831 45.633785, -73.457766 45.620341, -73.457508 45.607793, -73.46077 45.598485, -73.473816 45.582088, -73.491669 45.565747, -73.528233 45.533169, -73.522737 45.513742, -73.519991 45.505834, -73.514328 45.494195, -73.502312 45.494556, -73.489952 45.50346, -73.42987 45.507069)),B15,BOUCHERVILLE/LONGUEUIL
Livraison lundi-mardi-mercredi
514-830-0184
POLYGON ((-73.514328 45.494195, -73.508062 45.480656, -73.496475 45.457, -73.465576 45.455314, -73.436737 45.437008, -73.39365 45.467595, -73.441543 45.495278, -73.42987 45.507069, -73.489952 45.50346, -73.502312 45.494556, -73.514328 45.494195)),B17,BROSSARD
Livraison lundi-mardi-mercredi-jeudi.
514-830-0574
POLYGON ((-72.890005 45.637034, -72.881412 45.644228, -72.903127 45.658148, -72.932139 45.657368, -72.970291 45.655302, -73.011532 45.653288, -73.05943 45.678836, -73.069642 45.667675, -73.050756 45.623822, -73.045821 45.616232, -73.012346 45.594476, -72.990846 45.597134, -72.978272 45.590258, -72.953596 45.595122, -72.94879 45.598426, -72.944259 45.600811, -72.936277 45.607657, -72.908376 45.605844, -72.903747 45.626177, -72.890005 45.637034)),H1,ST-HYACINTHE
Livraison tous les jours
819-314-4921
POLYGON ((-73.100967 45.813966, -73.110924 45.793861, -73.114701 45.791706, -73.116074 45.780813, -73.126717 45.763451, -73.127404 45.7589, -73.106118 45.74285, -73.115388 45.727273, -73.129464 45.714809, -73.096161 45.690352, -73.107663 45.664085, -73.118134 45.659646, -73.128434 45.652447, -73.093414 45.627484, -73.061485 45.6198, -73.050756 45.623822, -73.069642 45.667675, -73.05943 45.678836, -73.011532 45.653288, -72.976001 45.655029, -72.974281 45.665645, -72.953338 45.687235, -72.968101 45.698266, -72.939786 45.717506, -72.916602 45.733504, -72.908877 45.738656, -72.897032 45.765487, -72.892569 45.767283, -72.884329 45.76896, -72.873003 45.781891, -72.882956 45.790988, -72.8821 45.79518, -72.910768 45.811932, -72.929648 45.813487, -72.934283 45.820665, -72.939862 45.821323, -72.945956 45.821084, -72.952997 45.821922, -72.956173 45.822998, -72.958576 45.824673, -72.960978 45.826587, -72.962693 45.828859, -72.980804 45.833345, -73.020115 45.83167, -73.034703 45.84339, -73.039687 45.847758, -73.042433 45.849432, -73.053418 45.852477, -73.083801 45.842553, -73.097325 45.835708, -73.11779 45.825211, -73.11101 45.820785, -73.100967 45.813966)),H2,LA PRÉSENTATION/ST-JUDE/MASSUEVILLE
Livraison mardi-jeudi
819-314-4921
POLYGON ((-73.105259 45.551804, -73.087406 45.541946, -73.057194 45.514527, -73.016339 45.484688, -73.026924 45.446225, -72.98259 45.446292, -72.90905 45.449293, -72.89669 45.45122, -72.894287 45.473133, -72.899094 45.482281, -72.888279 45.495097, -72.878671 45.506497, -72.868673 45.518465, -72.859744 45.528928, -72.853107 45.53664, -72.863774 45.544321, -72.895766 45.567695, -72.944259 45.600811, -72.94879 45.598426, -72.953596 45.595122, -72.978272 45.590258, -72.990846 45.597134, -73.012346 45.594476, -73.045821 45.616232, -73.050563 45.62348, -73.061657 45.619561, -73.100796 45.607313, -73.090839 45.595062, -73.092899 45.580526, -73.094616 45.563944, -73.105259 45.551804)),H4,CEGEP/DOUVILLE
Livraison lundi-mercredi
819-314-4921
POLYGON ((-73.001578 45.919991, -73.017026 45.890248, -73.029043 45.886185, -73.052732 45.852717, -73.041747 45.849672, -73.039001 45.847998, -73.036254 45.845726, -73.033165 45.842976, -73.027757 45.83867, -73.019429 45.83191, -72.980807 45.833647, -72.962693 45.828859, -72.960978 45.826587, -72.956173 45.822998, -72.952997 45.821922, -72.945956 45.821084, -72.939862 45.821323, -72.934286 45.820967, -72.929652 45.813789, -72.910768 45.812831, -72.882443 45.795479, -72.882959 45.79129, -72.872144 45.782312, -72.884332 45.769262, -72.897035 45.765789, -72.908879 45.738958, -72.968104 45.698568, -72.953341 45.687536, -72.974284 45.665947, -72.976001 45.655029, -72.932139 45.657368, -72.903127 45.658148, -72.881412 45.644228, -72.848129 45.656811, -72.835236 45.673624, -72.825966 45.679861, -72.81189 45.689455, -72.802963 45.691134, -72.753871 45.726066, -72.793693 45.759801, -72.790688 45.792248, -72.801864 45.846682, -72.807901 45.866912, -72.915562 45.931151, -72.944778 45.953301, -72.971212 45.939216, -73.001578 45.919991)),H7,STE-ROSALIE/ST-HUGUES/ST-MARCEL
Livraison mardi-jeudi
819-314-4921
POLYGON ((-72.49732 45.909899, -72.495002 45.916766, -72.492042 45.921983, -72.489938 45.927201, -72.506161 45.921873, -72.518264 45.917141, -72.526031 45.914774, -72.533112 45.915751, -72.559032 45.898342, -72.52752 45.879905, -72.516289 45.888724, -72.511954 45.886184, -72.522683 45.877476, -72.514979 45.873465, -72.504659 45.881883, -72.502384 45.883765, -72.499595 45.884631, -72.492814 45.890576, -72.493715 45.892517, -72.496376 45.897655, -72.499981 45.907152, -72.49732 45.909899)),D21,CENTRE D'ACHAT/PARC INDUSTRIEL
Livraison tous les jours
Lundi à jeudi : 819-473-1388
Vendredi : 819-471-3623
POLYGON ((-72.559032 45.898342, -72.58365 45.88464, -72.568787 45.880514, -72.554441 45.877341, -72.527919 45.862311, -72.514979 45.873465, -72.522683 45.877476, -72.511954 45.886184, -72.516267 45.888604, -72.52752 45.879905, -72.539911 45.887187, -72.559032 45.898342)),D22,PARC INDUSTRIEL/BOUL LEMIRE
Livraison tous les jours
819-471-3623
POLYGON ((-72.483415 45.887052, -72.483501 45.886334, -72.483974 45.886244, -72.484317 45.88735, -72.487278 45.887469, -72.489467 45.8872, -72.490883 45.887678, -72.491612 45.888694, -72.492084 45.889261, -72.493758 45.889799, -72.499595 45.884631, -72.502384 45.883765, -72.506247 45.880329, -72.512555 45.874892, -72.51483 45.87289, -72.482085 45.854839, -72.47859 45.85785, -72.474747 45.861594, -72.473588 45.862789, -72.471528 45.86533, -72.470198 45.865389, -72.468739 45.866465, -72.47067 45.867541, -72.472086 45.869752, -72.472987 45.87274, -72.474189 45.873517, -72.474747 45.874802, -72.474103 45.876415, -72.472858 45.878088, -72.469168 45.879313, -72.435822 45.897266, -72.480412 45.935512, -72.487034 45.928516, -72.495026 45.901937, -72.48937 45.891059, -72.483415 45.887052), (-72.484231 45.885408, -72.482729 45.885288, -72.481227 45.884512, -72.479596 45.884482, -72.482662 45.886545, -72.484231 45.885408), (-72.482662 45.886545, -72.482171 45.886902, -72.4823 45.88732, -72.482944 45.88732, -72.483373 45.887409, -72.483415 45.887052, -72.482662 45.886545)),D23,CENTRE-VILLE/ST-JEAN-BAPTISTE
Livraison tous les jours
Lundi à jeudi : 819-473-1388
Vendredi : 819-471-3623
POLYGON ((-72.51483 45.87289, -72.52779 45.862042, -72.507362 45.850206, -72.490797 45.847785, -72.482085 45.854839, -72.51483 45.87289)),D24,BOUL LEMIRE / AUTOROUTE 55
Livraison tous les jours
Lundi à jeudi : 819-473-1388
Vendredi : 819-471-3623
POLYGON ((-72.175112 45.665406, -72.190132 45.675962, -72.213135 45.69479, -72.225838 45.713851, -72.213136 45.724218, -72.214336 45.728412, -72.220001 45.734703, -72.234764 45.73638, -72.236824 45.741173, -72.227812 45.741891, -72.223606 45.744827, -72.22146 45.752253, -72.225151 45.758841, -72.229958 45.764888, -72.236993 45.771115, -72.244804 45.780454, -72.255192 45.783208, -72.26858 45.7865, -72.273731 45.795776, -72.282914 45.800743, -72.287248 45.811541, -72.297506 45.82533, -72.33776 45.807624, -72.342568 45.805589, -72.349434 45.801281, -72.352619 45.799612, -72.363038 45.792155, -72.375154 45.783931, -72.395147 45.778542, -72.408185 45.774707, -72.409132 45.767345, -72.490156 45.717508, -72.451704 45.667627, -72.474741 45.658722, -72.486551 45.64087, -72.367933 45.64843, -72.332227 45.606174, -72.287979 45.667565, -72.264976 45.664926, -72.241631 45.660847, -72.193994 45.667625, -72.175112 45.665406)),D26,L'AVENIR/LEFEBVRE/DURHAM SUD
Livraison le mardi
819-473-1388
POLYGON ((-72.468782 45.866346, -72.470241 45.86527, -72.4717 45.865001, -72.47859 45.85785, -72.48668 45.850818, -72.490797 45.847785, -72.508588 45.850194, -72.49715 45.842665, -72.496274 45.834998, -72.454982 45.805587, -72.408185 45.774707, -72.395147 45.778542, -72.375154 45.783931, -72.352619 45.799612, -72.342568 45.805589, -72.328544 45.811697, -72.297506 45.82533, -72.29316 45.829238, -72.28392 45.833323, -72.269555 45.832228, -72.26755 45.833404, -72.269051 45.835156, -72.287462 45.838941, -72.294843 45.842043, -72.29922 45.844069, -72.3051 45.844067, -72.3101 45.843408, -72.312524 45.841912, -72.316108 45.838831, -72.316772 45.834435, -72.316557 45.82941, -72.319856 45.821421, -72.332939 45.814209, -72.353234 45.820067, -72.354552 45.835257, -72.360077 45.840281, -72.381447 45.851701, -72.393208 45.856304, -72.40649 45.859771, -72.419257 45.858097, -72.424064 45.858755, -72.425051 45.858814, -72.427025 45.858157, -72.4296 45.857918, -72.43093 45.85717, -72.431703 45.856603, -72.437153 45.85744, -72.438226 45.858097, -72.440629 45.858187, -72.445607 45.860458, -72.446508 45.861385, -72.447753 45.860817, -72.449062 45.861564, -72.449158 45.861863, -72.449706 45.861698, -72.449684 45.861639, -72.449255 45.861175, -72.450843 45.860847, -72.45183 45.859771, -72.454748 45.85992, -72.457023 45.862371, -72.459684 45.862879, -72.461271 45.863506, -72.463417 45.86518, -72.464704 45.86524, -72.466206 45.865927, -72.468782 45.866346)),D25,ST-NICEPHORE
Livraison tous les jours
Lundi à jeudi : 819-473-1388
Vendredi : 819-471-3623
POLYGON ((-72.6221 45.931799, -72.594205 45.918724, -72.610872 45.911751, -72.594046 45.9016, -72.58365 45.88464, -72.559032 45.898342, -72.533112 45.915751, -72.526031 45.914774, -72.52131 45.916236, -72.518209 45.917191, -72.507577 45.921393, -72.488909 45.927692, -72.49835 45.931931, -72.51071 45.937781, -72.534485 45.95115, -72.545814 45.962066, -72.554056 45.965345, -72.555557 45.972878, -72.577318 45.97874, -72.596809 45.980678, -72.6221 45.931799)),D39,ST-MAJORIQUE
Livraison mardi-mercredi-jeudi
819-473-1388
POLYGON ((-73.142512 45.285516, -73.146033 45.272412, -73.163294 45.261724, -73.163376 45.261544, -73.151514 45.237675, -73.131045 45.10999, -73.10337 45.108622, -73.038414 45.106867, -72.986643 45.105235, -72.933847 45.107462, -72.869115 45.106544, -72.949271 45.169816, -72.984225 45.190874, -73.021819 45.170184, -73.080121 45.214181, -73.112579 45.286709, -73.142512 45.285516)),G11,BEDFORD
Livraison mardi et jeudi
450-522-2392
POLYGON ((-72.89669 45.45122, -72.90905 45.449293, -72.92135 45.448856, -72.984368 45.44604, -73.027439 45.446346, -73.05215 45.451735, -73.064613 45.449769, -73.084788 45.444354, -73.103585 45.437972, -73.097652 45.42422, -73.157913 45.411961, -73.143622 45.371336, -73.143302 45.363074, -73.078664 45.361562, -73.0386 45.385412, -72.956212 45.396133, -72.922566 45.41397, -72.877917 45.402954, -72.83895 45.395059, -72.815776 45.391925, -72.769427 45.454516, -72.821846 45.461094, -72.843642 45.46074, -72.846895 45.447862, -72.89669 45.45122)),G2,SAINT-PAUL-D'ABBOTSFORD/ST-CÉSAIRE
ROUGEMONT/STE-ANGELE-DE-MONNOIR
Livraison lundi-mardi-mercredi-jeudi
450-522-2392
POLYGON ((-72.621958 45.342892, -72.600243 45.333903, -72.589256 45.332817, -72.577068 45.334747, -72.565739 45.335471, -72.548744 45.33704, -72.542393 45.345124, -72.529862 45.354895, -72.526257 45.355861, -72.500279 45.357515, -72.481594 45.358742, -72.479484 45.406116, -72.486914 45.459853, -72.51759 45.460363, -72.517108 45.498672, -72.586166 45.50014, -72.635457 45.500315, -72.660313 45.500211, -72.665713 45.502054, -72.683572 45.498126, -72.704011 45.486001, -72.672082 45.459398, -72.63981 45.448319, -72.624058 45.415338, -72.620859 45.403571, -72.616631 45.394697, -72.613848 45.383753, -72.606174 45.371306, -72.607154 45.347722, -72.614685 45.345217, -72.621958 45.342892)),G20,SHEFFORD / ST-JOACHIM-DE-SHEFFORD
ROXTON POND / ROXTON-SUD
Livraison lundi-mardi-mercredi-jeudi
450-521-9489
POLYGON ((-72.529862 45.354895, -72.542393 45.345124, -72.548744 45.33704, -72.577068 45.334747, -72.589256 45.332817, -72.600243 45.333903, -72.621958 45.342892, -72.634214 45.336232, -72.651494 45.32767, -72.69846 45.321383, -72.710233 45.322107, -72.722768 45.324101, -72.745363 45.328745, -72.751542 45.284074, -72.743387 45.274032, -72.729889 45.265926, -72.708024 45.252526, -72.702188 45.24745, -72.693433 45.224845, -72.6942 45.219573, -72.694549 45.210456, -72.696008 45.193885, -72.710884 45.180266, -72.689342 45.170297, -72.678351 45.16559, -72.65763 45.166237, -72.622844 45.170994, -72.591151 45.173189, -72.558962 45.172645, -72.507779 45.207412, -72.495677 45.209963, -72.477481 45.217703, -72.468664 45.282163, -72.461712 45.334144, -72.47287 45.341866, -72.479736 45.348382, -72.481594 45.358742, -72.526257 45.355861, -72.529862 45.354895)),G21,BROMONT/LAC BROME/WATERLOO/FOSTER
Livraison lundi-mardi-mercredi-jeudi
450-521-9489
GEOMETRYCOLLECTION (POLYGON ((-72.694377 45.209911, -72.694548 45.210454, -72.694549 45.210456, -72.694377 45.209911)), POLYGON ((-72.694548 45.210454, -72.694721 45.211, -72.694292 45.215232, -72.694806 45.219223, -72.693433 45.224845, -72.702188 45.24745, -72.708024 45.252526, -72.739267 45.271616, -72.743387 45.274032, -72.751542 45.284074, -72.771539 45.273549, -72.787248 45.265713, -72.782441 45.255563, -72.785959 45.252284, -72.801065 45.24044, -72.813768 45.230528, -72.825576 45.220413, -72.870208 45.20953, -72.914834 45.2026, -72.984225 45.190874, -72.949271 45.169816, -72.941878 45.164369, -72.910075 45.138956, -72.869115 45.106544, -72.857951 45.10572, -72.754893 45.104564, -72.744186 45.109195, -72.745903 45.128334, -72.746161 45.153308, -72.741612 45.163506, -72.710884 45.180266, -72.696008 45.193885, -72.695579 45.200659, -72.694292 45.206706, -72.694292 45.209367, -72.694548 45.210454))),G24,COWANSVILLE/EAST FARNHAM/DUNHAM
Livraison lundi-mardi-mercredi-jeudi
450-521-9489
POLYGON ((-72.713802 45.111134, -72.673976 45.110164, -72.662818 45.095867, -72.661445 45.086294, -72.647541 45.086172, -72.630718 45.086778, -72.616814 45.087142, -72.610119 45.086778, -72.603596 45.08496, -72.60012 45.085233, -72.596301 45.085688, -72.588318 45.087021, -72.584885 45.088596, -72.582825 45.089202, -72.578877 45.090596, -72.570723 45.091202, -72.568148 45.091686, -72.567376 45.092595, -72.562398 45.095261, -72.55742 45.0972, -72.552098 45.098048, -72.548837 45.100714, -72.542314 45.103743, -72.540254 45.107863, -72.543 45.116343, -72.553987 45.125427, -72.559995 45.13233, -72.560853 45.135479, -72.563943 45.142381, -72.564973 45.147103, -72.563428 45.154609, -72.558962 45.172645, -72.591151 45.173189, -72.607245 45.172371, -72.622844 45.170994, -72.65763 45.166237, -72.678351 45.16559, -72.710884 45.180266, -72.741612 45.163506, -72.746161 45.153308, -72.745903 45.128334, -72.744357 45.118342, -72.744358 45.113556, -72.713802 45.111134)),G26,SUTTON
Livraison mardi et mercredi
450-521-9489
POLYGON ((-73.179159 45.321061, -73.142512 45.285516, -73.112579 45.286709, -73.01041 45.287747, -73.009064 45.2961, -72.962013 45.30016, -72.859563 45.344034, -72.857627 45.345807, -72.850078 45.356628, -72.815776 45.391925, -72.84341 45.395834, -72.875169 45.401966, -72.922566 45.41397, -72.956212 45.396133, -73.0386 45.385412, -73.078664 45.361562, -73.102314 45.362418, -73.143302 45.363074, -73.148491 45.361453, -73.153298 45.360005, -73.158448 45.358799, -73.17289 45.354556, -73.185059 45.349616, -73.193449 45.343228, -73.191921 45.335149, -73.192756 45.330914, -73.179159 45.321061)),G6,MONT ST-GREGOIRE/SAINTE-BRIGIDE-D'IBERVILLE/ANGE-GARDIEN
Livraison lundi-mardi-mercredi-jeudi
450-522-2392
POLYGON ((-73.080121 45.214181, -73.058382 45.19777, -73.038126 45.182526, -73.021819 45.170184, -72.989375 45.188455, -72.984225 45.190874, -72.936674 45.198494, -72.870208 45.20953, -72.825576 45.220413, -72.782441 45.255563, -72.787248 45.265713, -72.751542 45.284074, -72.745363 45.328745, -72.796862 45.346121, -72.811369 45.346445, -72.827292 45.345511, -72.857627 45.345807, -72.859563 45.344034, -72.897836 45.328128, -72.962013 45.30016, -73.009064 45.2961, -73.01041 45.287747, -73.058646 45.287263, -73.061908 45.287142, -73.112579 45.286709, -73.098036 45.254715, -73.092028 45.241179, -73.087565 45.230662, -73.08499 45.225101, -73.080121 45.214181)),G8,ST-ALPHONSE DE GRANBY
FARNHAM/SAINTE-SABINE/BRIGHAM
Livraison lundi-mardi-mercredi-jeudi
450-522-2392
POLYGON ((-72.821245 45.461154, -72.769427 45.454516, -72.672082 45.459156, -72.704011 45.486001, -72.687478 45.495789, -72.683572 45.498126, -72.665713 45.502054, -72.660313 45.500211, -72.656098 45.507529, -72.651952 45.514191, -72.712396 45.512225, -72.732633 45.511846, -72.76559 45.526636, -72.782189 45.521744, -72.794721 45.517896, -72.81189 45.500091, -72.816524 45.483368, -72.822532 45.46398, -72.821245 45.461154)),G13,SAINTE-CECILE-DE-MILTON
Livraison lundi-mardi-mercredi-jeudi
450-522-2392
POLYGON ((-72.59388 45.592299, -72.60996 45.567558, -72.624537 45.550652, -72.641455 45.530993, -72.660313 45.500211, -72.577668 45.499959, -72.51728 45.498431, -72.466125 45.532833, -72.447243 45.528264, -72.430763 45.534517, -72.42939 45.559282, -72.430076 45.570098, -72.42733 45.591484, -72.4263 45.600613, -72.487411 45.603735, -72.515564 45.6095, -72.523524 45.610212, -72.531828 45.610203, -72.543716 45.607098, -72.56365 45.601682, -72.578852 45.597472, -72.58731 45.595307, -72.594217 45.593415, -72.59456 45.593295, -72.594274 45.592918, -72.59388 45.592299)),G28,ROXTON FALLS
Livraison lundi et jeudi
450-521-9489
POLYGON ((-70.513686 47.005938, -70.5329 46.998893, -70.55108 46.996176, -70.582389 46.994892, -70.603912 46.987397, -70.62771 46.981042, -70.634509 46.976735, -70.642546 46.971869, -70.64629 46.968877, -70.661665 46.9636, -70.651697 46.95334, -70.637244 46.950549, -70.614029 46.901063, -70.605102 46.858059, -70.449252 46.895413, -70.4706 46.964133, -70.513686 47.005938)),M1,MONTMAGNY
Livraison tous les jours
418-740-3852 le vendredi
438-462-3504 du lundi au jeudi
POLYGON ((-68.344031 48.285853, -68.367005 48.291422, -68.480581 48.21319, -68.490195 48.148629, -68.692431 48.023396, -68.848656 48.098205, -68.891919 48.070451, -68.919387 48.089491, -68.977757 48.077105, -68.957514 48.170555, -69.017081 48.141468, -69.056212 48.108848, -69.008315 48.054617, -69.014921 48.047101, -68.982564 48.030974, -68.942262 48.01156, -68.812966 47.964276, -68.684349 47.899529, -68.669708 47.872756, -68.593545 47.921333, -68.552487 47.946572, -68.604697 47.992296, -68.439722 48.115171, -68.416718 48.1484, -68.416718 48.164891, -68.436632 48.2093, -68.344031 48.285853)),RK11,Livraison le mercredi
418-740-3846
*Attention*Tenir compte qu'il n'y a pas de transfert de Mty vers Rimouski/Ste-Luce le vendredi.
POLYGON ((-68.069938 48.601939, -67.923017 48.614391, -67.535303 48.745271, -67.634326 48.815395, -67.845598 48.749864, -68.008268 48.671354, -68.033846 48.683935, -68.061312 48.674641, -68.121264 48.634337, -68.108218 48.618907, -68.069938 48.601939)),RK5,Livraison le mardi
418-740-3846
*Attention*Tenir compte qu'il n'y a pas de transfert de Mty vers Rimouski/Ste-Luce le vendredi.
POLYGON ((-67.415328 48.886386, -67.490821 48.855648, -67.549358 48.855535, -67.578794 48.849351, -67.584548 48.831584, -67.634326 48.815395, -67.487247 48.712228, -67.423556 48.623683, -67.340789 48.609501, -67.244054 48.807481, -67.415328 48.886386)),RK6,MATANE
Livraison le mardi
418-740-3846
*Attention*Tenir compte qu'il n'y a pas de transfert de Mty vers Rimouski/Ste-Luce le vendredi.
POLYGON ((-67.378141 48.35441, -67.385351 48.321432, -67.349816 48.263753, -67.307585 48.265467, -67.288359 48.233918, -67.190508 48.256782, -67.158063 48.302593, -67.025353 48.317316, -67.206892 48.358137, -67.221342 48.325131, -67.252253 48.314945, -67.378141 48.35441)),RK10,Transporteur externe sauf livraisons papier jeudi
418-740-3846
*Attention*Tenir compte qu'il n'y a pas de transfert de Mty vers Rimouski/Ste-Luce le vendredi.
POLYGON ((-67.340789 48.609501, -67.417654 48.617484, -67.452674 48.597052, -67.378 48.555483, -67.411646 48.528775, -67.448419 48.494446, -67.43709 48.478546, -67.421941 48.477294, -67.411469 48.48075, -67.416877 48.46146, -67.389797 48.448623, -67.35701 48.445207, -67.344176 48.44116, -67.299635 48.455566, -67.282468 48.54679, -67.340789 48.609501)),RK9,Transporteur externe sauf livraisons papier jeudi
418-740-3846
*Attention*Tenir compte qu'il n'y a pas de transfert de Mty vers Rimouski/Ste-Luce le vendredi.
POLYGON ((-69.005572 47.887668, -68.889375 47.793588, -68.870946 47.795812, -68.866786 47.809649, -68.848713 47.798661, -68.891083 47.73454, -68.895646 47.722589, -68.873023 47.69784, -68.804442 47.670373, -68.794788 47.643727, -68.791489 47.636972, -68.789 47.628686, -68.773295 47.62063, -68.75048 47.604981, -68.703074 47.611574, -68.692394 47.624755, -68.691787 47.610638, -68.638675 47.580774, -68.643592 47.570937, -68.624135 47.563182, -68.630574 47.633075, -68.646108 47.687671, -68.594609 47.709854, -68.535214 47.769654, -68.658884 47.851417, -68.684349 47.899529, -68.812966 47.964276, -69.005572 47.887668)),RL10,Livraison le lundi et le jeudi
418-894-2631
*Attention*Tenir compte qu'il n'y a pas de transfert de Mty vers RDL le vendredi.
POLYGON ((-69.546039 47.851522, -69.553077 47.843688, -69.586208 47.80992, -69.624488 47.754207, -69.588096 47.748205, -69.526813 47.733313, -69.406777 47.703274, -69.254765 47.773945, -69.320168 47.821569, -69.341454 47.83897, -69.382138 47.851067, -69.419696 47.857051, -69.46553 47.858433, -69.526392 47.855221, -69.546039 47.851522)),RL1,RIVIERE-DU-LOUP
livraison tous les jours
418-868-4194 (ou 418-894-2631)
*Attention*Tenir compte qu'il n'y a pas de transfert de Mty vers RDL le vendredi.
POLYGON ((-69.624488 47.754207, -69.675281 47.727634, -69.702691 47.704743, -69.744968 47.677115, -69.806375 47.606922, -69.86165 47.576011, -69.754008 47.517927, -69.639348 47.575895, -69.56313 47.613287, -69.545449 47.630758, -69.5094 47.648801, -69.406777 47.703274, -69.526813 47.733313, -69.588096 47.748205, -69.624488 47.754207)),RL3,Livraison le mercredi
418-894-2631
*Attention*Tenir compte qu'il n'y a pas de transfert de Mty vers RDL le vendredi.
POLYGON ((-68.574814 47.427947, -68.755219 47.546631, -68.86097 47.592034, -68.87494 47.61568, -68.875864 47.623366, -68.865904 47.637941, -68.860372 47.655234, -68.918437 47.690588, -68.935588 47.710291, -68.909806 47.761278, -68.890061 47.793588, -69.006259 47.887668, -69.09959 47.850578, -69.254765 47.773945, -69.406777 47.703274, -69.146833 47.583194, -69.095903 47.555789, -68.991161 47.494122, -68.706663 47.409365, -68.574814 47.427947)),RL5,Livraison le jeudi
418-894-2631
*Attention*Tenir compte qu'il n'y a pas de transfert de Mty vers RDL le vendredi.
POLYGON ((-66.379926 49.176296, -66.515615 49.153239, -66.659378 49.121055, -67.025886 49.009298, -67.222226 48.952049, -67.412587 48.887289, -67.366259 48.860367, -67.085685 48.824011, -66.804222 49.018153, -66.353602 49.149445, -66.379926 49.176296)),RK7,Livraison le mardi
418-740-3846
*Attention*Tenir compte qu'il n'y a pas de transfert de Mty vers Rimouski/Ste-Luce le vendredi.
POLYGON ((-68.854114 48.334872, -68.807168 48.318492, -68.757335 48.302091, -68.625177 48.336737, -68.592768 48.399856, -68.619878 48.419118, -68.854114 48.334872)),RK3,Livraison le mardi et jeudi
581-624-0111
*Attention*Tenir compte qu'il n'y a pas de transfert de Mty vers Rimouski/Ste-Luce le vendredi.
POLYGON ((-69.263269 48.091358, -69.186059 48.027486, -69.167692 48.037847, -69.095546 48.086015, -69.152466 48.147544, -69.220409 48.119733, -69.263269 48.091358)),RK14,Livraison le mercredi
418-740-3846
*Attention*Tenir compte qu'il n'y a pas de transfert de Mty vers Rimouski/Ste-Luce le vendredi.
POLYGON ((-69.223507 48.005457, -69.147574 47.915732, -69.127656 47.892127, -69.09959 47.850578, -68.813653 47.964276, -68.942262 48.01156, -69.095546 48.086015, -69.167692 48.037847, -69.223507 48.005457)),RK15,Livraison le mercredi
418-740-3846
*Attention*Tenir compte qu'il n'y a pas de transfert de Mty vers Rimouski/Ste-Luce le vendredi.
POLYGON ((-69.598261 47.594722, -69.400854 47.493776, -69.195129 47.431911, -69.047738 47.418117, -69.024847 47.436243, -69.001432 47.463015, -68.991161 47.494122, -69.095903 47.555789, -69.406777 47.703274, -69.508027 47.648801, -69.544076 47.630758, -69.561757 47.613287, -69.598261 47.594722)),RL4,Livraison le mercredi
418-894-2631
*Attention*Tenir compte qu'il n'y a pas de transfert de Mty vers RDL le vendredi.
POLYGON ((-69.146454 48.149096, -69.056212 48.108848, -69.017081 48.141468, -68.957514 48.170555, -68.844617 48.195636, -68.797526 48.242629, -68.766288 48.252915, -68.748774 48.272344, -68.732638 48.294505, -68.757335 48.302091, -68.814199 48.321045, -68.854114 48.334872, -68.951275 48.291718, -69.135982 48.173714, -69.146454 48.149096)),RK12,Livraison le mercredi
418-740-3846
*Attention*Tenir compte qu'il n'y a pas de transfert de Mty vers Rimouski/Ste-Luce le vendredi.
GEOMETRYCOLLECTION (POLYGON ((-68.061486 48.528522, -68.059905 48.528931, -68.060362 48.529163, -68.061486 48.528522)), POLYGON ((-68.059905 48.528931, -67.971269 48.483671, -67.882857 48.423671, -67.777326 48.494942, -67.756864 48.483784, -67.688714 48.493569, -67.640907 48.487198, -67.594644 48.415184, -67.510873 48.355275, -67.465726 48.381619, -67.252253 48.314945, -67.221342 48.325131, -67.206892 48.358137, -67.349671 48.440254, -67.35701 48.445207, -67.389797 48.448623, -67.416877 48.46146, -67.411469 48.48075, -67.421941 48.477294, -67.43709 48.478546, -67.448419 48.494446, -67.465555 48.499427, -67.480906 48.528122, -67.489833 48.531759, -67.534722 48.532214, -67.59961 48.553637, -67.632584 48.570066, -67.674679 48.568842, -67.685365 48.572165, -67.703218 48.576651, -67.758673 48.595226, -67.8312 48.59639, -67.876991 48.593211, -67.907353 48.587775, -67.968829 48.587122, -67.980502 48.544409, -68.05874 48.528522, -68.059905 48.528931))),RK8,AMQUI
Livraison le jeudi
418-740-3846
*Attention*Tenir compte qu'il n'y a pas de transfert de Mty vers Rimouski/Ste-Luce le vendredi.
POLYGON ((-69.295792 48.056972, -69.223507 48.005457, -69.186059 48.027486, -69.263269 48.091358, -69.295792 48.056972)),RK16,Livraison le mercredi
418-740-3846
*Attention*Tenir compte qu'il n'y a pas de transfert de Mty vers Rimouski/Ste-Luce le vendredi.
POLYGON ((-69.095546 48.086015, -69.014921 48.047101, -69.008315 48.054617, -69.056212 48.108848, -69.147999 48.150242, -69.152466 48.147544, -69.095546 48.086015)),RK13,Livraison le mercredi
418-740-3846
*Attention*Tenir compte qu'il n'y a pas de transfert de Mty vers Rimouski/Ste-Luce le vendredi.
POLYGON ((-68.909806 47.761278, -68.935588 47.710291, -68.918437 47.690588, -68.860372 47.655234, -68.829263 47.612518, -68.791324 47.592916, -68.768639 47.608681, -68.82222 47.656844, -68.904779 47.716067, -68.880064 47.764364, -68.87542 47.780434, -68.871633 47.795812, -68.890061 47.793588, -68.909806 47.761278)),RL12,Livraison le lundi et le jeudi
418-894-2631
*Attention*Tenir compte qu'il n'y a pas de transfert de Mty vers RDL le vendredi.
POLYGON ((-68.536605 48.416673, -68.477383 48.379404, -68.477554 48.369939, -68.475666 48.359618, -68.455707 48.342706, -68.432751 48.330924, -68.503522 48.29273, -68.510056 48.279117, -68.47265 48.278286, -68.422581 48.275727, -68.367005 48.291422, -68.309928 48.277257, -68.192324 48.340536, -68.325722 48.42948, -68.384088 48.456126, -68.401537 48.474395, -68.456389 48.4419, -68.480206 48.434473, -68.506923 48.422877, -68.536605 48.416673)),RK2,Livraison le jeudi
581-624-0111
*Attention*Tenir compte qu'il n'y a pas de transfert de Mty vers Rimouski/Ste-Luce le vendredi.
POLYGON ((-69.032517 47.425427, -68.889008 47.379184, -68.878709 47.396849, -68.995438 47.468148, -69.032517 47.425427)),RL6,Transporteur externe sauf livraisons papier (mercredi)
418-894-2631
POLYGON ((-68.619878 48.419118, -68.592768 48.399856, -68.536605 48.416673, -68.506923 48.422877, -68.480206 48.434473, -68.456389 48.4419, -68.401537 48.474395, -68.367641 48.500399, -68.328159 48.51723, -68.356819 48.537347, -68.384292 48.55224, -68.474493 48.519044, -68.517923 48.48128, -68.619878 48.419118)),RK1,RIMOUSKI
Livraison tous les jours
581-624-0111
 *Attention*Tenir compte qu'il n'y a pas de transfert de Mty vers Rimouski/Ste-Luce le vendredi.
POLYGON ((-68.791324 47.592916, -68.584839 47.515, -68.549133 47.533547, -68.624822 47.563182, -68.651378 47.571742, -68.665916 47.586761, -68.698337 47.600555, -68.718546 47.596408, -68.768639 47.608681, -68.791324 47.592916)),RL11,Livraison le lundi et le jeudi
418-894-2631
*Attention*Tenir compte qu'il n'y a pas de transfert de Mty vers RDL le vendredi.
POLYGON ((-71.183072 46.75682, -71.189393 46.749254, -71.211966 46.742623, -71.209606 46.740954, -71.204564 46.741811, -71.198051 46.743562, -71.190594 46.744343, -71.185647 46.743558, -71.180624 46.744686, -71.176999 46.74227, -71.172955 46.740533, -71.170739 46.740303, -71.167879 46.740162, -71.161486 46.743125, -71.160454 46.743327, -71.156378 46.740522, -71.152861 46.7425, -71.148562 46.737879, -71.143324 46.736244, -71.140921 46.73422, -71.138218 46.732414, -71.132447 46.723774, -71.126345 46.721395, -71.121902 46.716422, -71.082822 46.72054, -71.042202 46.724276, -70.988292 46.725187, -71.025706 46.773751, -71.041743 46.808514, -71.133574 46.788146, -71.183072 46.75682)),L8,PINTENDRE
Livraison le lundi-mercredi-vendredi
 418-894-8724
POLYGON ((-71.080763 46.720658, -71.126768 46.715833, -71.115509 46.68304, -71.141811 46.648141, -71.125884 46.646463, -71.104306 46.643535, -71.089312 46.642364, -71.082901 46.644963, -71.037582 46.599691, -71.026613 46.551758, -71.008756 46.536356, -70.927206 46.55693, -70.926433 46.555985, -70.876295 46.578675, -70.838028 46.599698, -70.860767 46.616567, -70.899755 46.627149, -70.953331 46.675699, -70.988292 46.725187, -71.042202 46.724276, -71.080763 46.720658)),L12,ST-HENRI/ST-ANSELME/
ST-HÉNÉDINE/STE-CLAIRE
Livraison le lundi-mercredi-vendredi
418-894-8724
POLYGON ((-71.183072 46.75682, -71.133574 46.788146, -71.104857 46.794754, -71.041743 46.808514, -71.053494 46.833169, -71.061711 46.833062, -71.080055 46.828784, -71.10269 46.829298, -71.103709 46.831201, -71.114255 46.831694, -71.128223 46.829274, -71.1535 46.829305, -71.156612 46.832842, -71.16453 46.832738, -71.184966 46.819757, -71.189259 46.810152, -71.188917 46.8046, -71.201918 46.785974, -71.207877 46.7811, -71.212848 46.771609, -71.235586 46.76363, -71.251069 46.754875, -71.251556 46.752055, -71.281993 46.742352, -71.283364 46.743138, -71.285536 46.743535, -71.287966 46.743756, -71.282635 46.736075, -71.280254 46.732557, -71.280362 46.724056, -71.256565 46.72873, -71.228321 46.738155, -71.189393 46.749254, -71.183072 46.75682)),L5,LÉVIS
Livraison tous les jours
581-397-3141 ou 418-894-8724
POLYGON ((-70.948718 46.470826, -70.911166 46.484774, -70.891683 46.497656, -70.898588 46.51706, -70.918548 46.53221, -70.965024 46.547398, -71.008756 46.536356, -71.060267 46.488005, -71.067766 46.483778, -71.073682 46.451018, -71.039356 46.420504, -70.981161 46.410266, -70.947178 46.428592, -70.929495 46.44543, -70.948718 46.470826)),L16,STE-MARIE DE BEAUCE/STE-MARGUERITE
Livraison le lundi-mercredi-vendredi
418-894-8724
POLYGON ((-71.037582 46.599691, -71.082901 46.644963, -71.089312 46.642364, -71.104306 46.643535, -71.141811 46.648141, -71.240759 46.653718, -71.247576 46.663047, -71.25192 46.659081, -71.250912 46.648602, -71.248471 46.646317, -71.242254 46.646153, -71.235997 46.636618, -71.241623 46.63032, -71.239713 46.625404, -71.23232 46.625186, -71.240212 46.613288, -71.248941 46.60562, -71.28482 46.585228, -71.281433 46.53514, -71.282509 46.505601, -71.273977 46.476063, -71.249765 46.455434, -71.18316 46.441285, -71.084553 46.479524, -71.071788 46.481704, -71.060267 46.488005, -71.008756 46.536356, -71.026613 46.551758, -71.037582 46.599691)),L18 ,SCOTT/ST-BERNARD/ST-NARCISSE/ST-ISIDORE/ST-LAMBERT
Livraison le lundi-mercredi-vendredi 418-894-8724
POLYGON ((-71.24621 46.661372, -71.240759 46.653718, -71.210507 46.652091, -71.141811 46.648141, -71.116082 46.683107, -71.126768 46.715833, -71.121902 46.716422, -71.125361 46.719895, -71.126404 46.720815, -71.127877 46.721587, -71.133053 46.723839, -71.13831 46.732079, -71.143053 46.735907, -71.149673 46.738086, -71.152861 46.7425, -71.156378 46.740522, -71.160454 46.743327, -71.167879 46.740162, -71.17277 46.740316, -71.177169 46.742118, -71.180624 46.744686, -71.185647 46.743558, -71.190594 46.744343, -71.19793 46.743474, -71.208956 46.740662, -71.212812 46.742392, -71.224557 46.738968, -71.228321 46.738155, -71.256565 46.72873, -71.266803 46.726663, -71.280362 46.724056, -71.280483 46.723029, -71.279588 46.717216, -71.278064 46.711566, -71.277313 46.706211, -71.271518 46.701147, -71.267226 46.694406, -71.257484 46.69685, -71.252596 46.696744, -71.245642 46.691738, -71.2331 46.687123, -71.231157 46.679578, -71.2281 46.674448, -71.229344 46.672092, -71.238142 46.665614, -71.237756 46.66473, -71.241533 46.663316, -71.24621 46.661372)),L9,STE-HELENE-DE-BREAKEYVILLE/CHARNY
ST-JEAN-CHRYSOSTOME
Livraison tous les jours
418-894-8724 ou
418-894-8724
POLYGON ((-71.287966 46.743756, -71.313795 46.736222, -71.330361 46.730574, -71.336758 46.725927, -71.33912 46.723044, -71.360663 46.717158, -71.379292 46.71151, -71.404268 46.705504, -71.444869 46.703502, -71.475456 46.695541, -71.488958 46.692639, -71.48972 46.691284, -71.495832 46.688262, -71.494039 46.683292, -71.452521 46.656161, -71.43441 46.646852, -71.419562 46.640105, -71.411236 46.634374, -71.397074 46.619682, -71.345245 46.605988, -71.308852 46.591362, -71.28482 46.585228, -71.248188 46.606396, -71.240212 46.613288, -71.23232 46.625186, -71.239713 46.625404, -71.241623 46.63032, -71.235997 46.636618, -71.242254 46.646153, -71.248471 46.646317, -71.250912 46.648602, -71.251588 46.652877, -71.25192 46.659081, -71.247576 46.663047, -71.240364 46.666007, -71.231651 46.6708, -71.229803 46.67359, -71.233407 46.682512, -71.237141 46.686723, -71.246175 46.690565, -71.251722 46.695636, -71.257484 46.69685, -71.264544 46.694745, -71.267226 46.694406, -71.271518 46.701147, -71.277313 46.706211, -71.278064 46.711566, -71.279588 46.717216, -71.280483 46.723029, -71.279974 46.728691, -71.280618 46.732633, -71.282635 46.736075, -71.287966 46.743756)),L20,ST-NICOLAS/ST-ETIENNE DE LAUZON
Livraison le lundi-jeudi-vendredi
581-397-3141
POLYGON ((-71.452521 46.656161, -71.494039 46.683292, -71.495832 46.688262, -71.504739 46.687996, -71.512443 46.682783, -71.559082 46.667285, -71.58266 46.66714, -71.600172 46.66164, -71.642833 46.637025, -71.591228 46.60643, -71.601008 46.597748, -71.566675 46.570612, -71.558714 46.564493, -71.51861 46.57132, -71.475695 46.59185, -71.422785 46.609396, -71.397074 46.619682, -71.411236 46.634374, -71.419562 46.640105, -71.43441 46.646852, -71.452521 46.656161)),L21,ST-ANTOINE-DE-TILLY/ST-APOLLINAIRE
Livraison le mardi-jeudi-vendredi
581-397-3141
POLYGON ((-71.422785 46.609396, -71.475695 46.59185, -71.51861 46.57132, -71.503902 46.551866, -71.500297 46.530967, -71.485792 46.509056, -71.437336 46.4632, -71.407295 46.451256, -71.382576 46.454449, -71.358028 46.446407, -71.249765 46.455434, -71.273977 46.476063, -71.282509 46.505601, -71.281433 46.53514, -71.28482 46.585228, -71.308852 46.591362, -71.345245 46.605988, -71.397074 46.619682, -71.422785 46.609396)),L28,ST-GILLES/ST-AGAPIT
Livraison le mardi-jeudi-vendredi
581-397-3141
POLYGON ((-71.641754 46.531376, -71.600927 46.510113, -71.54442 46.511681, -71.494574 46.527639, -71.501591 46.549127, -71.516169 46.569433, -71.559606 46.568022, -71.601692 46.597748, -71.591912 46.60643, -71.630754 46.629512, -71.643517 46.637025, -71.697884 46.629056, -71.753617 46.629783, -71.763505 46.62754, -71.711664 46.578477, -71.701963 46.569449, -71.688146 46.562309, -71.672868 46.546018, -71.656216 46.537045, -71.641754 46.531376)),L23,STE-CROIX/LAURIER-STATION/ST-FLAVIEN
Livraison le mardi-jeudi-vendredi
581-397-3141
POLYGON ((-71.153538 46.869913, -71.144612 46.881618, -71.141692 46.884699, -71.14639 46.887485, -71.147237 46.890286, -71.148544 46.893142, -71.15233 46.895626, -71.155725 46.896017, -71.159182 46.894042, -71.162982 46.894531, -71.167208 46.898061, -71.169288 46.901385, -71.170296 46.902984, -71.169684 46.904311, -71.177403 46.903068, -71.187313 46.912087, -71.193084 46.915517, -71.196883 46.928678, -71.194823 46.930964, -71.201046 46.940224, -71.202334 46.943476, -71.219285 46.942744, -71.235937 46.94169, -71.26409 46.943096, -71.28014 46.945439, -71.287112 46.946774, -71.32121 46.957129, -71.323915 46.948427, -71.341167 46.936063, -71.394383 46.937821, -71.446054 46.919885, -71.466304 46.919781, -71.494788 46.906656, -71.510723 46.90022, -71.517356 46.897315, -71.52272 46.892678, -71.526925 46.893606, -71.526919 46.88655, -71.522443 46.883701, -71.527461 46.872253, -71.526815 46.866849, -71.535817 46.866739, -71.540998 46.863945, -71.544978 46.862677, -71.551305 46.860082, -71.550226 46.85806, -71.539621 46.844527, -71.528356 46.839139, -71.505448 46.799687, -71.41481 46.797806, -71.423851 46.754194, -71.411616 46.730633, -71.398239 46.72967, -71.36514 46.734253, -71.33018 46.748426, -71.288653 46.747782, -71.270708 46.755514, -71.266493 46.759717, -71.24143 46.772769, -71.226324 46.789109, -71.20401 46.804386, -71.199887 46.812963, -71.194737 46.825767, -71.189072 46.840447, -71.202634 46.840095, -71.198686 46.849254, -71.180233 46.852776, -71.171734 46.857706, -71.153538 46.869913)),L3,QUÉBEC
Livraison le lundi-mercredi-jeudi
Lundi-mercredi 581-397-3141
Jeudi 418-894-8724
POLYGON ((-71.655118 46.683548, -71.642072 46.688258, -71.630313 46.692968, -71.615808 46.696736, -71.604907 46.698796, -71.587655 46.695323, -71.575639 46.697737, -71.569202 46.699797, -71.560275 46.704918, -71.545941 46.711157, -71.535127 46.714688, -71.525771 46.715629, -71.459637 46.727368, -71.411616 46.730633, -71.423851 46.754194, -71.41481 46.797806, -71.505448 46.799687, -71.513257 46.793061, -71.546024 46.78148, -71.60316 46.785633, -71.614778 46.78041, -71.640355 46.765009, -71.679197 46.742935, -71.698205 46.722896, -71.677606 46.699826, -71.655118 46.683548)),L40,NEUVILLE/ST-AUGUSTIN
Livraison mardi-jeudi
418-894-8724
POLYGON ((-71.74777 46.671948, -71.743135 46.669534, -71.692838 46.668179, -71.667776 46.675129, -71.655118 46.683548, -71.677606 46.699826, -71.698358 46.724229, -71.755137 46.73781, -71.790671 46.735222, -71.803864 46.732844, -71.822085 46.718277, -71.837878 46.708979, -71.860108 46.705565, -71.854758 46.690997, -71.842184 46.692204, -71.842012 46.691616, -71.823473 46.686199, -71.788625 46.66971, -71.764249 46.667943, -71.74777 46.671948)),L45,CAP-SANTÉ/DONNACONA
Livraison mardi-jeudi
418-894-8724
POLYGON ((-71.847733 46.791195, -71.907472 46.765097, -71.8753 46.721749, -71.860108 46.705565, -71.837878 46.708979, -71.822085 46.718277, -71.803864 46.732844, -71.790671 46.735222, -71.755137 46.73781, -71.698358 46.724229, -71.679197 46.742935, -71.614778 46.78041, -71.60316 46.785633, -71.546024 46.78148, -71.513257 46.793061, -71.505448 46.799687, -71.528356 46.839139, -71.539621 46.844527, -71.550226 46.85806, -71.559885 46.874954, -71.632222 46.875962, -71.638566 46.872914, -71.673567 46.846373, -71.699388 46.83755, -71.74192 46.827184, -71.750869 46.858632, -71.740226 46.882808, -71.752929 46.90322, -71.772499 46.921513, -71.817174 46.929632, -71.851293 46.92081, -71.862615 46.905794, -71.865102 46.89512, -71.862014 46.887172, -71.857121 46.879282, -71.863517 46.874646, -71.867165 46.868602, -71.872571 46.860152, -71.905412 46.837952, -71.86799 46.801772, -71.847733 46.791195)),L41,ST-BASILE/PONT-ROUGE/ST-RAYMOND
STE-CATHERINE
Livraison mardi-jeudi
418-894-8724
POLYGON ((-71.90495 46.674777, -71.897568 46.682904, -71.880059 46.690676, -71.86655 46.68966, -71.854758 46.690997, -71.860108 46.705565, -71.8753 46.721749, -71.907472 46.765097, -71.979014 46.751991, -72.023431 46.72782, -72.030039 46.716228, -72.002248 46.692372, -72.015285 46.656812, -72.017472 46.648845, -72.015927 46.640242, -72.018673 46.630812, -71.994212 46.626804, -71.988823 46.623897, -71.98224 46.625374, -71.95765 46.638488, -71.948638 46.641199, -71.941685 46.644852, -71.927266 46.647091, -71.926236 46.651451, -71.914906 46.664058, -71.90495 46.674777)),L47,DESCHAMBAULT/PORTNEUF
Livraison le mardi
418-894-8724
POLYGON ((-71.989338 46.624309, -71.994212 46.626804, -72.004855 46.628337, -72.018673 46.630812, -72.015927 46.640242, -72.017472 46.648845, -72.015457 46.656812, -72.002248 46.692372, -72.030039 46.716228, -72.046866 46.708813, -72.092872 46.691387, -72.118193 46.696333, -72.137678 46.69689, -72.22513 46.696713, -72.200012 46.65116, -72.175358 46.64135, -72.126479 46.60729, -72.117207 46.595437, -72.112741 46.58351, -72.088022 46.585856, -72.051804 46.587592, -72.046944 46.585771, -72.039339 46.58749, -72.033192 46.590446, -72.028246 46.594169, -72.021272 46.600789, -72.018985 46.602654, -72.007601 46.612361, -72.003739 46.614955, -72.001335 46.616311, -71.995842 46.617962, -71.992752 46.621676, -71.988823 46.623897, -71.989338 46.624309)),L50,GRONDINES/ST-CASIMIR/ST-MARC-DES-CARRIÈRE
Livraison le mardi
418-894-8724
POLYGON ((-70.329023 47.154861, -70.34001 47.148615, -70.347219 47.141435, -70.369706 47.135713, -70.380864 47.12602, -70.402837 47.104642, -70.427389 47.088339, -70.435453 47.077761, -70.474591 47.048878, -70.4811 47.026708, -70.513686 47.005938, -70.4706 46.964133, -70.464963 46.947935, -70.427793 46.949258, -70.356008 46.976164, -70.360815 47.048733, -70.29936 47.07329, -70.3052 47.082587, -70.287171 47.092811, -70.272781 47.129028, -70.255701 47.138896, -70.254997 47.156918, -70.212597 47.199711, -70.195456 47.233394, -70.126422 47.214095, -70.110244 47.230325, -70.124963 47.259493, -70.11063 47.273646, -70.099472 47.280808, -70.083679 47.295189, -70.037244 47.319516, -70.089299 47.348254, -70.13861 47.323472, -70.168336 47.319884, -70.190494 47.313944, -70.203899 47.304384, -70.22792 47.27757, -70.235225 47.264455, -70.24365 47.242178, -70.275589 47.216484, -70.314354 47.176037, -70.329023 47.154861)),M10,L'ISLET/ST-EUGENE/CAP-ST-IGNACE
ST-JEAN-PORT-JOLY/STE-LOUISE
ST-ROCH-DES-AULNAIES
Livraison le lundi et jeudi
418-740-3852
POLYGON ((-70.030787 47.485582, -70.036158 47.468872, -70.062806 47.426343, -70.051168 47.386545, -70.08311 47.355258, -70.089299 47.348254, -70.037244 47.319516, -70.009838 47.302025, -69.963511 47.331294, -69.930188 47.358686, -69.870369 47.400308, -69.836037 47.42598, -69.804966 47.449086, -69.789002 47.461854, -69.746573 47.43896, -69.706919 47.462757, -69.698508 47.489907, -69.754008 47.517927, -69.86165 47.576011, -69.879992 47.558873, -69.915768 47.525972, -69.938652 47.535603, -69.973194 47.497471, -69.986029 47.506027, -70.030787 47.485582)),M16,LA POCATIÈRE/ST-ONÉSIME/ST-DENIS
ST-PACOME/RIVIÈRE-OUELLE
ST-GABRIEL-DE-KAMOURASKA/MONT-CARMEL
ST-PASCAL/ST-BRUNO-DE-KAMOURASKA
ST-PHILIPPE-DE-NÉRI/KAMOURASKA
Livraison le lundi et jeudi
418-740-3852
POLYGON ((-69.82436 46.869774, -69.70621 46.986848, -69.666666 47.026653, -69.716048 47.067162, -69.758892 47.083844, -69.83362 47.047935, -69.876711 47.073394, -69.926599 47.084386, -69.972842 47.057492, -70.100183 47.005311, -70.244078 46.912059, -70.092908 46.829954, -70.157364 46.78617, -70.122516 46.768536, -70.131291 46.747541, -70.06091 46.705415, -70.096958 46.681202, -70.009754 46.651634, -69.995335 46.700984, -69.958256 46.733466, -69.82436 46.869774)),M49,ST-MARCEL/STE-FÉLICITÉ/ST-PAMPHILE
STE-PERPÉTUE/ST-OMER
Livraison le mercredi
418-740-3852
POLYGON ((-70.279223 46.649099, -70.170582 46.722073, -70.131291 46.747541, -70.122516 46.768536, -70.157364 46.78617, -70.092908 46.829954, -70.244078 46.912059, -70.356008 46.976164, -70.427793 46.949258, -70.464963 46.947935, -70.449252 46.895413, -70.605102 46.858059, -70.600887 46.812597, -70.601383 46.764868, -70.508568 46.724181, -70.451714 46.706865, -70.422532 46.706806, -70.406267 46.710633, -70.38906 46.708714, -70.370733 46.692295, -70.363343 46.685099, -70.353401 46.68134, -70.330398 46.672153, -70.279223 46.649099)),M55,ST-PAUL/ST-EUPHEMIC/NOTRE-DAME-DU-ROSAIRE/ST-APPOLINE
Livraison le mercredi
418-740-3852
POLYGON ((-70.29936 47.07329, -70.360815 47.048733, -70.356008 46.976164, -70.244078 46.912059, -70.100183 47.005311, -69.974573 47.05692, -69.926599 47.084386, -70.001444 47.138477, -70.04819 47.167924, -70.094195 47.19546, -70.09329 47.220821, -70.110244 47.230325, -70.126422 47.214095, -70.195456 47.233394, -70.212597 47.199711, -70.254997 47.156918, -70.255701 47.138896, -70.272781 47.129028, -70.287171 47.092811, -70.3052 47.082587, -70.29936 47.07329)),M45,ST-CYRILLE/ST-AUBERT/ST-DAMASE-DE-L'ISLET/TOURVILLE
Livraison le mercredi
418-740-3852
POLYGON ((-70.112267 46.525409, -70.040304 46.512509, -70.009754 46.651634, -70.026056 46.655855, -70.096958 46.681202, -70.06091 46.705415, -70.131291 46.747541, -70.279223 46.649099, -70.39667 46.591577, -70.358439 46.549916, -70.38969 46.529255, -70.292511 46.507779, -70.220757 46.469013, -70.166512 46.497617, -70.112267 46.525409)),M58,ST-FABIEN-DE-PANET/ST-MAGLOIRE
ST-CAMILLE-DE-LELLIS
Livraison le mercredi
 418-740-3852
POLYGON ((-70.748953 46.885562, -70.765692 46.878539, -70.74432 46.866099, -70.600887 46.812597, -70.605102 46.858059, -70.614029 46.901063, -70.62244 46.919943, -70.630852 46.937293, -70.637244 46.950549, -70.651697 46.95334, -70.661665 46.9636, -70.716082 46.93448, -70.725094 46.939872, -70.760883 46.92358, -70.773502 46.90939, -70.748953 46.885562)),M29,ST-FRANCOIS/BERTHIER-SUR-MER/ST-PIERRE
Livraison le mardi
418-740-3852
POLYGON ((-70.932057 46.874023, -70.946299 46.862435, -70.948695 46.857537, -70.955746 46.854833, -70.972827 46.844736, -70.98347 46.838337, -70.993254 46.835049, -71.054009 46.83493, -71.041743 46.808514, -71.024559 46.771931, -70.988292 46.725187, -70.967864 46.696709, -70.910186 46.733078, -70.85477 46.79485, -70.819549 46.777896, -70.767021 46.819378, -70.761107 46.830419, -70.730543 46.860945, -70.74432 46.866099, -70.765692 46.878539, -70.748953 46.885562, -70.774273 46.910019, -70.790044 46.920112, -70.816126 46.907801, -70.839275 46.888213, -70.862878 46.899467, -70.881588 46.892619, -70.917637 46.876458, -70.932057 46.874023)),M32,BEAUMONT/ST-CHARLES/ST-MICHEL-DE-BELLECHASSE/LADURANTAYE/ST-VALLIER-STATION
Livraison le mardi
418-740-3852
POLYGON ((-70.854911 46.794224, -70.86667 46.779003, -70.881862 46.76166, -70.910186 46.733078, -70.934906 46.717427, -70.967864 46.696709, -70.953331 46.675699, -70.930528 46.65525, -70.899755 46.627149, -70.860767 46.616567, -70.838028 46.599698, -70.794142 46.623286, -70.712414 46.660387, -70.690963 46.64606, -70.60461 46.687007, -70.584011 46.675936, -70.508568 46.724181, -70.601383 46.764868, -70.600887 46.812597, -70.730543 46.860945, -70.761107 46.830419, -70.767021 46.819378, -70.819549 46.777896, -70.854911 46.794224)),M35,ST-GERVAIS/ST=RAPHAEL/HONFLEUR/ST-LAZARE/ST-NÉRÉ/ARMAGH
Livraison le mardi
418-740-3852
POLYGON ((-70.670202 46.466731, -70.618963 46.427338, -70.554418 46.389461, -70.452108 46.47701, -70.39667 46.591577, -70.279223 46.649099, -70.363343 46.685099, -70.38906 46.708714, -70.406267 46.710633, -70.422532 46.706806, -70.451714 46.706865, -70.508568 46.724181, -70.584011 46.675936, -70.60461 46.687007, -70.690963 46.64606, -70.712414 46.660387, -70.794142 46.623286, -70.876295 46.578675, -70.831908 46.550614, -70.803068 46.525344, -70.770796 46.500772, -70.670202 46.466731)),M38,ST-MALACHIE/ST-NAZAIRE-DE-DORCHESTER
ST-PHILEMON/ST-LÉON DE STANDON
ST-LUC-DE-BELLECHASSE
Livraison le mardi
418-740-3852
POLYGON ((-72.715759 45.602509, -72.692434 45.594566, -72.594217 45.593415, -72.531828 45.610203, -72.486131 45.642088, -72.474741 45.658722, -72.559885 45.661602, -72.65032 45.660532, -72.65171 45.705596, -72.670559 45.712156, -72.696859 45.715113, -72.711266 45.706744, -72.753871 45.726066, -72.80365 45.690894, -72.812577 45.689215, -72.830602 45.677059, -72.715759 45.602509)),D30,ACTON VALE/UPTON/ST-LIBOIRE
Livraison lundi-mardi-mercredi-jeudi
819-471-3623
POLYGON ((-72.692197 45.740655, -72.696859 45.715113, -72.670559 45.712156, -72.65171 45.705596, -72.65032 45.660532, -72.562137 45.661763, -72.474741 45.658722, -72.451704 45.667627, -72.490156 45.717508, -72.409132 45.767345, -72.408185 45.774707, -72.496274 45.834998, -72.53276 45.815804, -72.574037 45.80485, -72.601029 45.795946, -72.605406 45.79445, -72.643109 45.782328, -72.669522 45.759806, -72.676395 45.754239, -72.692197 45.740655)),D29,ST-THEODORE D'ACTON/WICKHAM/ST-NAZAIRE D'ACTON
Livraison lundi-mardi-mercredi-jeudi
819-471-3623
POLYGON ((-72.574037 45.80485, -72.53276 45.815804, -72.496274 45.834998, -72.49715 45.842665, -72.52786 45.861184, -72.554441 45.877341, -72.584165 45.884431, -72.614719 45.87703, -72.629511 45.885973, -72.653501 45.901239, -72.663849 45.90835, -72.67832 45.914743, -72.748229 45.866652, -72.802473 45.848002, -72.791375 45.792008, -72.790688 45.792248, -72.793693 45.759801, -72.753871 45.726066, -72.711266 45.706744, -72.696859 45.715113, -72.692197 45.740655, -72.643109 45.782328, -72.574037 45.80485)),D36,ST-GERMAIN/ST-EUGENE/ST-EDMOND
 DE GRANTHAM/STE-HELENE-DE-BAGOT
Livraison lundi-mardi-mercredi-jeudi
819-471-3623
POLYGON ((-72.878726 46.012972, -72.906476 45.99875, -72.901158 45.969159, -72.904687 45.956517, -72.916249 45.930911, -72.867204 45.902942, -72.808588 45.866672, -72.802473 45.848002, -72.748229 45.866652, -72.67832 45.914743, -72.663849 45.90835, -72.645822 45.896428, -72.614719 45.87703, -72.584444 45.884943, -72.594046 45.9016, -72.611676 45.911734, -72.594205 45.918724, -72.6221 45.931799, -72.596809 45.980678, -72.663958 46.010376, -72.697631 46.019245, -72.748938 46.035757, -72.774432 46.039385, -72.816277 46.066535, -72.836312 46.070896, -72.860264 46.088621, -72.868086 46.092294, -72.884759 46.094035, -72.870287 46.067947, -72.857144 46.029335, -72.878726 46.012972)),D38,ST-GUILLAUME/ST-BONAVENTURE/ST-DAVID
ST-FRANCOIS-DU-LAC/ST-PIE-DE-GUIRE
Livraison lundi-mercredi
819-471-3623
POLYGON ((-72.846114 46.134239, -72.872091 46.13457, -72.927847 46.129233, -72.920889 46.115269, -72.909431 46.113404, -72.906107 46.108306, -72.906849 46.103019, -72.890912 46.097638, -72.884759 46.094035, -72.86781 46.093459, -72.859663 46.089216, -72.836312 46.070896, -72.815419 46.06804, -72.772882 46.041555, -72.748938 46.035757, -72.727006 46.070841, -72.758207 46.086972, -72.710572 46.108586, -72.694047 46.123518, -72.665645 46.144659, -72.639545 46.165739, -72.625598 46.177358, -72.618299 46.176833, -72.491704 46.22657, -72.520237 46.237328, -72.593794 46.279343, -72.619104 46.27271, -72.657873 46.251114, -72.671148 46.240806, -72.666568 46.220881, -72.673606 46.195845, -72.692103 46.192815, -72.741578 46.168612, -72.751459 46.179152, -72.75494 46.177705, -72.755159 46.161994, -72.820519 46.144216, -72.839239 46.137326, -72.846114 46.134239)),D42,PIERREVILLE/ODANAK/BAIE-DU-FEBVRE
NICOLET
Livraison lundi-mercredi
819-471-3623
POLYGON ((-72.641313 46.006314, -72.596809 45.980678, -72.577318 45.97874, -72.555557 45.972878, -72.530171 45.950528, -72.487034 45.928516, -72.480412 45.935512, -72.435822 45.897266, -72.471081 45.878057, -72.465198 45.867145, -72.45059 45.862643, -72.402604 45.860388, -72.371058 45.848731, -72.349791 45.83369, -72.352551 45.823359, -72.3441 45.818114, -72.333591 45.815739, -72.319905 45.823112, -72.317522 45.83852, -72.314436 45.841774, -72.310663 45.843832, -72.29762 45.845292, -72.275016 45.836716, -72.268035 45.835313, -72.266262 45.833464, -72.246982 45.846035, -72.174778 45.86461, -72.192862 45.881415, -72.251235 45.906374, -72.166444 45.951865, -72.233742 45.992491, -72.257405 46.045709, -72.281441 46.041541, -72.307892 46.058581, -72.334121 46.045512, -72.345514 46.056489, -72.363844 46.076539, -72.383251 46.103352, -72.39025 46.104474, -72.392786 46.108335, -72.401471 46.109897, -72.411118 46.108022, -72.413592 46.112842, -72.417854 46.11451, -72.421146 46.116952, -72.429554 46.117196, -72.435988 46.115833, -72.440102 46.1187, -72.443351 46.119913, -72.451396 46.126621, -72.460794 46.130635, -72.523367 46.116893, -72.52792 46.11418, -72.54938 46.102012, -72.558136 46.110074, -72.571695 46.099065, -72.613753 46.083588, -72.667999 46.087636, -72.710572 46.108586, -72.758207 46.086972, -72.727006 46.070841, -72.748938 46.035757, -72.682318 46.01635, -72.641313 46.006314)),D43,STE-PERPÉTUE/STE-BRIGITTE-DES-SAULT
NOTRE-DAME-DU-BON-CONSEIL
ST-CYRILLE-DE-WENDOVER/ST-LUCIEN
ST-CLOTHILE DE HORTON/ST-ZÉPHIRIN/ST-ELPHÈGE
Livraison le mardi et jeudi
819-471-3623
POLYGON ((-72.732633 45.511846, -72.651952 45.514191, -72.641627 45.530752, -72.62259 45.552635, -72.609815 45.567758, -72.606558 45.57275, -72.604396 45.57618, -72.599093 45.584347, -72.59388 45.592299, -72.59456 45.593295, -72.692434 45.594566, -72.712034 45.589502, -72.706719 45.582723, -72.707399 45.581573, -72.73538 45.556697, -72.765418 45.526636, -72.732633 45.511846)),G14,ST-VALERIEN
Livraison lundi/mercredi
450-522-2392
POLYGON ((-73.236066 45.842433, -73.1569292 45.7972124, -73.133756 45.835496, -73.11779 45.825211, -73.096334 45.83741, -73.083287 45.842792, -73.053418 45.852477, -73.029729 45.885945, -73.017712 45.890008, -73.002264 45.919751, -72.97284 45.938619, -72.945464 45.953061, -72.916664 45.931393, -72.904687 45.956517, -72.901158 45.969159, -72.906476 45.99875, -72.878726 46.012972, -72.857144 46.029335, -72.870287 46.067947, -72.884759 46.094035, -72.890912 46.097638, -72.906849 46.103019, -72.906107 46.108306, -72.909431 46.113404, -72.920889 46.115269, -72.927847 46.129233, -72.941737 46.124449, -73.007437 46.085142, -73.025351 46.066026, -73.071792 46.058824, -73.097363 46.048693, -73.113072 46.04965, -73.13496 46.049293, -73.146805 46.044168, -73.154012 46.036361, -73.175659 45.994235, -73.203193 45.953417, -73.214915 45.908398, -73.227483 45.89407, -73.263113 45.862639, -73.265247 45.849011, -73.236066 45.842433)),B20,SOREL/CONTRECOEUR/ST-OURS
Livraison lundi/mercredi/vendredi
514-830-0184
GEOMETRYCOLLECTION (POLYGON ((-72.822591 45.38359, -72.822694 45.383746, -72.823542 45.383806, -72.822591 45.38359)), POLYGON ((-72.833985 45.373141, -72.850417 45.355716, -72.857627 45.345807, -72.846472 45.345299, -72.829822 45.345272, -72.811369 45.346445, -72.796862 45.346121, -72.777808 45.339591, -72.745363 45.328745, -72.708992 45.321803, -72.69846 45.321383, -72.687693 45.322653, -72.678121 45.323802, -72.651494 45.32767, -72.633948 45.336967, -72.625647 45.34157, -72.607154 45.347722, -72.606937 45.355137, -72.606174 45.371306, -72.610512 45.378811, -72.613848 45.383753, -72.61564 45.389659, -72.616631 45.394697, -72.620456 45.402807, -72.624058 45.415338, -72.630406 45.429314, -72.63169 45.431357, -72.632749 45.433646, -72.634838 45.438585, -72.63981 45.44856, -72.672082 45.459398, -72.705715 45.457855, -72.72212 45.456515, -72.769428 45.454757, -72.772449 45.450451, -72.79061 45.425922, -72.815433 45.392106, -72.833985 45.373141), (-72.720784 45.324216, -72.712455 45.322476, -72.711528 45.322322, -72.720784 45.324216), (-72.710233 45.322107, -72.711528 45.322322, -72.708992 45.321803, -72.710233 45.322107))),G1,GRANBY
Livraison tous les jours
450-522-2392 ou 450-521-9489
POLYGON ((-72.177504 46.69704, -72.136991 46.697008, -72.129953 46.696922, -72.126047 46.696686, -72.118022 46.696333, -72.103343 46.69339, -72.0927 46.691387, -72.070211 46.700218, -72.046866 46.708813, -72.029867 46.716228, -72.023431 46.72782, -72.011842 46.734234, -71.979014 46.751991, -71.907472 46.765097, -71.847733 46.791195, -71.86799 46.801772, -71.905412 46.837952, -71.916398 46.855563, -71.962707 46.890231, -72.012488 46.895158, -72.022788 46.884365, -72.124166 46.830249, -72.152704 46.801843, -72.174894 46.771744, -72.310421 46.808472, -72.36834 46.812188, -72.28347 46.696033, -72.177504 46.69704)),L52,ST-ALBAN/ST-UBALDE
STE-CHRISTINE-D'AUVERGNE
Livraison le mardi
418-894-8724
POLYGON ((-69.09959 47.850578, -69.127656 47.892127, -69.223507 48.005457, -69.295792 48.056972, -69.392781 48.026328, -69.513974 47.941762, -69.571101 47.846683, -69.526392 47.855221, -69.467933 47.858663, -69.419696 47.857051, -69.382138 47.851067, -69.341454 47.83897, -69.320168 47.821569, -69.266267 47.781904, -69.254765 47.773945, -69.161553 47.821108, -69.09959 47.850578)),RL2,Livraison le mardi
418-894-2631
*Attention*Tenir compte qu'il n'y a pas de transfert de Mty vers RDL le vendredi.
POLYGON ((-71.95857 45.442372, -71.963548 45.439361, -71.978912 45.422494, -71.997708 45.404902, -72.025003 45.402491, -72.023369 45.391882, -72.006978 45.372352, -72.030667 45.348952, -71.983976 45.343402, -71.968869 45.351968, -71.943463 45.371266, -71.914581 45.369925, -71.885957 45.36789, -71.857633 45.386821, -71.851647 45.389188, -71.829181 45.389384, -71.822785 45.396706, -71.811799 45.403335, -71.811799 45.403697, -71.815404 45.408758, -71.825875 45.418158, -71.832227 45.412253, -71.826047 45.418278, -71.821927 45.430808, -71.857289 45.440204, -71.860551 45.450802, -71.872826 45.451045, -71.875701 45.44659, -71.8701 45.443157, -71.870561 45.439514, -71.881948 45.43721, -71.889874 45.438949, -71.907758 45.445503, -71.945009 45.439062, -71.95857 45.442372)),S10 VILLE SHERBROOKE,Livraison tous les jours
819-820-4980
POLYGON ((-72.078786 45.315018, -72.096242 45.308764, -72.130403 45.301158, -72.130231 45.301037, -72.140016 45.294637, -72.209367 45.294758, -72.210912 45.293309, -72.206964 45.289082, -72.2025 45.282319, -72.160958 45.26746, -72.167825 45.253686, -72.162503 45.253444, -72.149629 45.252719, -72.131432 45.205087, -72.083024 45.180891, -72.044242 45.163611, -72.00872 45.13631, -71.88728 45.100834, -71.760258 45.117967, -71.782877 45.141826, -71.796614 45.170939, -71.817636 45.244984, -71.816224 45.313016, -71.826397 45.334387, -71.861032 45.345061, -71.858442 45.351583, -71.852477 45.36021, -71.85255 45.36838, -71.856848 45.372648, -71.859685 45.379454, -71.863978 45.379933, -71.866212 45.381075, -71.885957 45.36789, -71.943463 45.371266, -71.968869 45.351968, -71.983976 45.343402, -72.030667 45.348952, -72.043199 45.342678, -72.053155 45.341834, -72.05882 45.328077, -72.078786 45.315018), (-72.098302 45.302244, -72.078046 45.315283, -72.078786 45.315018, -72.098302 45.302244)),S10 MAGOG/COATICOOK,Livraison le mardi-vendredi
819-820-4980
POLYGON ((-71.950691 45.440449, -71.945009 45.439062, -71.92271 45.442858, -71.93232 45.450746, -71.933439 45.452071, -71.932988 45.453501, -71.932022 45.45469, -71.926659 45.45749, -71.921337 45.458092, -71.920736 45.459732, -71.92065 45.463178, -71.920307 45.46512, -71.923397 45.468258, -71.924427 45.470854, -71.927002 45.47269, -71.928954 45.473088, -71.931937 45.472644, -71.93316 45.473224, -71.93713 45.480062, -71.943825 45.490412, -71.954983 45.490713, -71.974811 45.507526, -71.979948 45.515097, -71.983305 45.522341, -71.974989 45.542811, -71.991057 45.566421, -71.983152 45.577147, -71.987655 45.584222, -71.997246 45.58878, -72.016411 45.584658, -72.017072 45.579596, -72.012939 45.574482, -72.012074 45.570783, -72.022678 45.565996, -72.025214 45.564694, -72.01674 45.554342, -72.00327 45.541177, -71.992819 45.525539, -71.985593 45.505121, -71.978865 45.497603, -71.971564 45.489191, -71.968281 45.48033, -71.965621 45.465825, -71.9609 45.448847, -71.95857 45.442372, -71.950691 45.440449)),S10 WINDSOR/BROMPTON,Livraison le lundi-mercredi-jeudi
819-820-4980
POLYGON ((-72.830602 45.677059, -72.835923 45.673384, -72.848129 45.656811, -72.881412 45.644228, -72.886922 45.639633, -72.889623 45.637358, -72.892431 45.635128, -72.903747 45.626177, -72.908376 45.605844, -72.936277 45.607657, -72.944259 45.600811, -72.937564 45.596427, -72.900118 45.570809, -72.853107 45.53664, -72.899094 45.482281, -72.894287 45.473133, -72.89669 45.45122, -72.870953 45.449529, -72.846895 45.447862, -72.843642 45.46074, -72.821245 45.461154, -72.822661 45.46398, -72.816652 45.483368, -72.812018 45.500091, -72.802348 45.510192, -72.79485 45.517896, -72.765718 45.526636, -72.744362 45.547974, -72.73568 45.556698, -72.724803 45.566062, -72.716145 45.573848, -72.707399 45.581573, -72.706719 45.582723, -72.712034 45.589502, -72.692434 45.594566, -72.715093 45.602012, -72.776173 45.641632, -72.830602 45.677059)),H6,SECTEUR ST-JOSEPH/ST-DOMINIQUE
Livraison lundi-mercredi
819-314-4921
POLYGON ((-68.121264 48.634337, -68.15358 48.646691, -68.384292 48.55224, -68.349523 48.530135, -68.328159 48.51723, -68.367641 48.500399, -68.401537 48.474395, -68.383447 48.455687, -68.325722 48.42948, -68.236497 48.369578, -68.192324 48.340536, -68.05512 48.362985, -68.056977 48.49967, -68.05874 48.528522, -67.980502 48.544409, -67.968829 48.587122, -68.046163 48.598192, -68.069938 48.601939, -68.108218 48.618907, -68.121264 48.634337)),RK4,Mont-Joli
Livraison le jeudi
581-624-0111
*Attention*Tenir compte qu'il n'y a pas de transfert de Mty vers Rimouski/Ste-Luce le vendredi.
POLYGON ((-72.011132 46.063524, -71.987959 46.082957, -71.984224 46.082995, -71.983838 46.089454, -71.929979 46.090436, -71.927319 46.096447, -71.903071 46.190289, -71.863933 46.212863, -71.974353 46.306269, -72.04967 46.285275, -72.143398 46.228778, -72.272916 46.163804, -72.224165 46.109562, -72.186742 46.096469, -72.135931 46.102421, -72.037054 46.083374, -72.011132 46.063524)),V13,DAVELUYVILLE
Livraison tous les jours
819-350-8782
POLYGON ((-73.1569292 45.7972124, -73.190231 45.816119, -73.236066 45.842433, -73.24585 45.844586, -73.265247 45.849011, -73.301474 45.819435, -73.33066 45.795516, -73.366526 45.774762, -73.380483 45.762496, -73.408536 45.738296, -73.435365 45.713132, -73.432447 45.708397, -73.442145 45.693051, -73.444295 45.683887, -73.442146 45.675302, -73.44648 45.654096, -73.413091 45.649328, -73.37803 45.62028, -73.376913 45.6109431, -73.37408 45.601486, -73.370132 45.591459, -73.371849 45.554929, -73.338547 45.57536, -73.328247 45.579205, -73.312111 45.572716, -73.2959759 45.5717541, -73.290482 45.624603, -73.272286 45.635406, -73.246536 45.633246, -73.233147 45.636607, -73.220787 45.635646, -73.197141 45.640718, -73.2015604 45.6493278, -73.192807 45.6674441, -73.1922921 45.6763204, -73.1895455 45.6839967, -73.1916054 45.7116936, -73.1909187 45.7445264, -73.1830219 45.76393, -73.1703188 45.7759047, -73.1569292 45.7972124)),B2,SAINT-MARC/SAINT-ANTOINE-SUR RICHELIEU
VARENNES/SAINT-AMABLE
Livraison lundi-mardi-mercredi-jeudi
514-830-0184
POLYGON ((-73.1569292 45.7972124, -73.1690345 45.7766679, -73.1817374 45.7639754, -73.1909187 45.7445264, -73.1906638 45.7143754, -73.1886039 45.6860812, -73.1922921 45.6763204, -73.1915221 45.6676104, -73.2015604 45.6493278, -73.197141 45.640718, -73.1862006 45.632691, -73.1856856 45.6302903, -73.170318 45.631325, -73.126716 45.622682, -73.100624 45.607552, -73.061657 45.619561, -73.093414 45.627484, -73.128434 45.652447, -73.118134 45.659646, -73.107663 45.664085, -73.096161 45.690352, -73.129464 45.714809, -73.115388 45.727273, -73.106118 45.74285, -73.127404 45.7589, -73.126717 45.763451, -73.116074 45.780813, -73.114701 45.791706, -73.110924 45.793861, -73.100967 45.813966, -73.11779 45.825211, -73.133756 45.835496, -73.1569292 45.7972124)),B8,ST-DENIS-SUR-LE-RICHELIEU/ST-CHARLES-SUR-LE-RICHELIEU
Livraison lundi-mercredi
514-830-0184
